variante,inner_fold,step,train_loss,train_f1,val_loss,val_f1,train_loss_running,epoch,pasos_epoca
es,1,0,0.710693359375,0.2539133603480022,0.7110370397567749,0.24976525821596243,,0.0,100
es,1,25,0.6527307629585266,0.6124490539995051,0.6528711318969727,0.6305471124620061,0.6895972442626953,0.25,100
es,1,50,0.6503915190696716,0.5610477517256578,0.6562031507492065,0.5591096955338573,0.6778448486328125,0.5,100
es,1,75,0.5818431973457336,0.686098164929732,0.5965983867645264,0.6864191901508798,0.6388876342773437,0.75,100
es,1,100,0.5572128891944885,0.7268562833310543,0.579810619354248,0.6874966908681626,0.6353474807739258,1.0,100
es,1,125,0.5289749503135681,0.6969749562892111,0.5604853630065918,0.6890150540401441,0.5844201278686524,1.25,100
es,1,150,0.521164059638977,0.7565508836075563,0.5655943155288696,0.6952707856598017,0.5622100067138672,1.5,100
es,1,175,0.5276959538459778,0.6675835260464992,0.5791532397270203,0.6623050756915149,0.5617338943481446,1.75,100
es,1,200,0.4586179256439209,0.7970743452734349,0.5278308987617493,0.7312637715114495,0.5822975158691406,2.0,100
es,1,225,0.4319417476654053,0.8124388340783453,0.5209042429924011,0.732348626487415,0.5238865661621094,2.25,100
es,1,250,0.40408390760421753,0.8428179692324536,0.5113869309425354,0.7514267499681244,0.5214059066772461,2.5,100
es,1,275,0.38402411341667175,0.8471983170778351,0.4987478256225586,0.7503129172578255,0.5058797073364257,2.75,100
es,1,300,0.39720892906188965,0.807434689285824,0.5170727372169495,0.7237382986079985,0.48814300537109373,3.0,100
es,1,325,0.3493591248989105,0.8603044896005377,0.4925245940685272,0.7529833673406294,0.45851470947265627,3.25,100
es,1,350,0.3280128836631775,0.8852418733831126,0.4893607199192047,0.7612188955605326,0.46026298522949216,3.5,100
es,1,375,0.31221723556518555,0.8939044504081404,0.4930170178413391,0.7572065337618792,0.4302400207519531,3.75,100
es,1,400,0.32619211077690125,0.8466237134967786,0.5097330808639526,0.7338905775075988,0.4432163619995117,4.0,100
es,1,425,0.2843190133571625,0.9032982004785814,0.4880269467830658,0.7564874643510833,0.3918615341186523,4.25,100
es,1,450,0.27843141555786133,0.9085079583190199,0.4927854835987091,0.7689415847310583,0.44405975341796877,4.5,100
es,1,475,0.27206745743751526,0.8995603663839965,0.4886387586593628,0.7516795831459782,0.37471412658691405,4.75,100
es,1,500,0.2613369822502136,0.9127312444535463,0.4879074692726135,0.7516146138973996,0.3954776763916016,5.0,100
es,1,525,0.2497960329055786,0.9265952154370711,0.48889824748039246,0.7553296173960914,0.3756122589111328,5.25,100
es,1,550,0.24620665609836578,0.9190997159797839,0.489691823720932,0.7497575267730854,0.35940399169921877,5.5,100
es,1,575,0.2424306869506836,0.9230250481695568,0.48988521099090576,0.754434492448191,0.3937936019897461,5.75,100
es,1,600,0.2406056970357895,0.9242114594273908,0.49034154415130615,0.7580336726916377,0.3670813751220703,6.0,100
