number,value,datetime_start,datetime_complete,duration,params_batch_size,params_classifier_dropout,params_learning_rate,params_loss_mode,params_num_train_epochs,params_preprocessing,params_weight_decay,user_attrs_best_epochs_inner,user_attrs_f1_inner_std,user_attrs_refit_epochs,system_attrs_tpe:relative_params:0,state
0,0.7237927992170662,2026-10-01 13:10:04.062686,2026-10-01 13:10:40.332881,0 days 00:00:36.270195,32,0.3,2e-05,balanced,5,PYSENTIMIENTO,0.01,"[5, 3, 5]",0.02752617168487704,5,,COMPLETE
1,0.735919342681245,2026-10-01 13:10:40.590821,2026-10-01 13:11:12.130191,0 days 00:00:31.539370,32,0.1,3e-05,standard,4,PYSENTIMIENTO,0.05,"[4, 4, 4]",0.021554065289651567,4,,COMPLETE
2,0.7401746966487027,2026-10-01 13:11:12.356948,2026-10-01 13:11:41.425492,0 days 00:00:29.068544,32,0.1,5e-05,standard,4,PYSENTIMIENTO,0.0,"[3, 4, 2]",0.006201626504314323,3,,COMPLETE
3,0.739101629342469,2026-10-01 13:11:41.654587,2026-10-01 13:12:13.077435,0 days 00:00:31.422848,32,0.1,4e-05,balanced,4,PYSENTIMIENTO,0.1,"[4, 4, 4]",0.014833654816253542,4,,COMPLETE
4,0.7294876958828206,2026-10-01 13:12:13.307979,2026-10-01 13:12:49.236192,0 days 00:00:35.928213,16,0.2,3e-05,standard,3,PYSENTIMIENTO,0.01,"[3, 3, 3]",0.020058337545027904,3,,COMPLETE
5,0.7476472659897228,2026-10-01 13:12:49.468271,2026-10-01 13:13:34.712987,0 days 00:00:45.244716,16,0.1,5e-05,standard,4,PYSENTIMIENTO,0.0,"[4, 4, 4]",0.01636450330576739,4,"{""batch_size"": 16, ""classifier_dropout"": 0.1, ""learning_rate"": 5e-05, ""loss_mode"": ""standard"", ""num_train_epochs"": 4, ""weight_decay"": 0.0}",COMPLETE
6,0.728962970697219,2026-10-01 13:13:34.946544,2026-10-01 13:14:10.846624,0 days 00:00:35.900080,16,0.3,5e-05,standard,4,PYSENTIMIENTO,0.05,"[1, 2, 4]",0.03545816303780996,2,"{""batch_size"": 16, ""classifier_dropout"": 0.3, ""learning_rate"": 5e-05, ""loss_mode"": ""standard"", ""num_train_epochs"": 4, ""weight_decay"": 0.05}",COMPLETE
7,0.7452965705537764,2026-10-01 13:14:11.095809,2026-10-01 13:14:56.265999,0 days 00:00:45.170190,16,0.1,5e-05,balanced,4,PYSENTIMIENTO,0.0,"[3, 4, 3]",0.013771687704544002,3,"{""batch_size"": 16, ""classifier_dropout"": 0.1, ""learning_rate"": 5e-05, ""loss_mode"": ""balanced"", ""num_train_epochs"": 4, ""weight_decay"": 0.0}",COMPLETE
8,0.7373774548588349,2026-10-01 13:14:56.492314,2026-10-01 13:15:38.282486,0 days 00:00:41.790172,16,0.1,5e-05,standard,5,PYSENTIMIENTO,0.1,"[1, 5, 3]",0.027506301835159813,3,"{""batch_size"": 16, ""classifier_dropout"": 0.1, ""learning_rate"": 5e-05, ""loss_mode"": ""standard"", ""num_train_epochs"": 5, ""weight_decay"": 0.1}",COMPLETE
9,0.7450133912551271,2026-10-01 13:15:38.510392,2026-10-01 13:16:23.208209,0 days 00:00:44.697817,16,0.3,4e-05,standard,4,PYSENTIMIENTO,0.0,"[4, 3, 4]",0.015098453434740557,4,"{""batch_size"": 16, ""classifier_dropout"": 0.3, ""learning_rate"": 4e-05, ""loss_mode"": ""standard"", ""num_train_epochs"": 4, ""weight_decay"": 0.0}",COMPLETE
10,0.7482635581612312,2026-10-01 13:16:23.453998,2026-10-01 13:17:08.542928,0 days 00:00:45.088930,16,0.1,5e-05,standard,4,PYSENTIMIENTO,0.01,"[4, 4, 4]",0.01567029860731426,4,"{""batch_size"": 16, ""classifier_dropout"": 0.1, ""learning_rate"": 5e-05, ""loss_mode"": ""standard"", ""num_train_epochs"": 4, ""weight_decay"": 0.01}",COMPLETE
11,0.7370932996621572,2026-10-01 13:17:08.773469,2026-10-01 13:17:53.762662,0 days 00:00:44.989193,16,0.1,2e-05,standard,4,PYSENTIMIENTO,0.01,"[4, 4, 3]",0.013770431836410961,4,"{""batch_size"": 16, ""classifier_dropout"": 0.1, ""learning_rate"": 2e-05, ""loss_mode"": ""standard"", ""num_train_epochs"": 4, ""weight_decay"": 0.01}",COMPLETE
12,0.7442070406061663,2026-10-01 13:17:54.000969,2026-10-01 13:18:29.303208,0 days 00:00:35.302239,16,0.1,5e-05,standard,3,PYSENTIMIENTO,0.01,"[3, 3, 3]",0.019058233269136936,3,"{""batch_size"": 16, ""classifier_dropout"": 0.1, ""learning_rate"": 5e-05, ""loss_mode"": ""standard"", ""num_train_epochs"": 3, ""weight_decay"": 0.01}",COMPLETE
13,0.7482635581612312,2026-10-01 13:18:29.533329,2026-10-01 13:18:29.633843,0 days 00:00:00.100514,16,0.1,5e-05,standard,4,PYSENTIMIENTO,0.01,"[4, 4, 4]",0.01567029860731426,4,"{""batch_size"": 16, ""classifier_dropout"": 0.1, ""learning_rate"": 5e-05, ""loss_mode"": ""standard"", ""num_train_epochs"": 4, ""weight_decay"": 0.01}",COMPLETE
14,0.7243454441580018,2026-10-01 13:18:29.909344,2026-10-01 13:18:50.835972,0 days 00:00:20.926628,32,0.2,5e-05,standard,5,PYSENTIMIENTO,0.01,"[2, 1, 1]",0.017606594173074537,1,"{""batch_size"": 32, ""classifier_dropout"": 0.2, ""learning_rate"": 5e-05, ""loss_mode"": ""standard"", ""num_train_epochs"": 5, ""weight_decay"": 0.01}",COMPLETE
15,0.7482635581612312,2026-10-01 13:18:51.086332,2026-10-01 13:18:51.196654,0 days 00:00:00.110322,16,0.1,5e-05,standard,4,PYSENTIMIENTO,0.01,"[4, 4, 4]",0.01567029860731426,4,"{""batch_size"": 16, ""classifier_dropout"": 0.1, ""learning_rate"": 5e-05, ""loss_mode"": ""standard"", ""num_train_epochs"": 4, ""weight_decay"": 0.01}",COMPLETE
16,0.7330899349446085,2026-10-01 13:18:51.424957,2026-10-01 13:19:16.557671,0 days 00:00:25.132714,32,0.3,5e-05,standard,3,PYSENTIMIENTO,0.1,"[3, 3, 3]",0.024768508868586916,3,"{""batch_size"": 32, ""classifier_dropout"": 0.3, ""learning_rate"": 5e-05, ""loss_mode"": ""standard"", ""num_train_epochs"": 3, ""weight_decay"": 0.1}",COMPLETE
17,0.7278524978610963,2026-10-01 13:19:16.786208,2026-10-01 13:19:49.469329,0 days 00:00:32.683121,16,0.1,4e-05,standard,5,PYSENTIMIENTO,0.01,"[1, 3, 1]",0.02793545061657796,1,"{""batch_size"": 16, ""classifier_dropout"": 0.1, ""learning_rate"": 4e-05, ""loss_mode"": ""standard"", ""num_train_epochs"": 5, ""weight_decay"": 0.01}",COMPLETE
18,0.728002116542455,2026-10-01 13:19:49.700260,2026-10-01 13:20:14.797794,0 days 00:00:25.097534,32,0.1,5e-05,balanced,3,PYSENTIMIENTO,0.01,"[3, 3, 3]",0.021507194972792586,3,"{""batch_size"": 32, ""classifier_dropout"": 0.1, ""learning_rate"": 5e-05, ""loss_mode"": ""balanced"", ""num_train_epochs"": 3, ""weight_decay"": 0.01}",COMPLETE
19,0.740725222713151,2026-10-01 13:20:15.049421,2026-10-01 13:21:00.506211,0 days 00:00:45.456790,16,0.1,3e-05,standard,4,PYSENTIMIENTO,0.1,"[4, 3, 3]",0.016623979934678408,3,"{""batch_size"": 16, ""classifier_dropout"": 0.1, ""learning_rate"": 3e-05, ""loss_mode"": ""standard"", ""num_train_epochs"": 4, ""weight_decay"": 0.1}",COMPLETE
