metrica,variante,modelo,media,desviacion,n_folds
outer_f1_macro,mx,LR,0.6450012341054736,0.014814738708791235,5
outer_f1_macro,es,LR,0.7024333072079807,0.015673764972517226,5
outer_f1_macro,cu,LR,0.658605358250951,0.01724027687255461,5
outer_f1_macro,mx,RF,0.6307391601986021,0.019684910170548887,5
outer_f1_macro,es,RF,0.6958845625033367,0.02976891602283369,5
outer_f1_macro,cu,RF,0.660811506640764,0.03052315713506636,5
outer_f1_macro,mx,XGBoost,0.5991409318460044,0.01358829080287348,5
outer_f1_macro,es,XGBoost,0.6846918713960323,0.016272113108998863,5
outer_f1_macro,cu,XGBoost,0.643744810301019,0.017009247170058403,5
outer_f1_macro,mx,HardVoting,0.6330484365122253,0.012670678160484772,5
outer_f1_macro,es,HardVoting,0.708247265225735,0.017997431925274525,5
outer_f1_macro,cu,HardVoting,0.6613909252961527,0.02287957753297539,5
outer_f1_clase_1,mx,LR,0.5314313772330795,0.02368963665285054,5
outer_f1_clase_1,es,LR,0.6119452118956608,0.029901259346861005,5
outer_f1_clase_1,cu,LR,0.5330866785237914,0.026799430072835948,5
outer_f1_clase_1,mx,RF,0.5091652398715366,0.028671577296441778,5
outer_f1_clase_1,es,RF,0.6019862459151162,0.03367397021172054,5
outer_f1_clase_1,cu,RF,0.521686369305616,0.045752564898434524,5
outer_f1_clase_1,mx,XGBoost,0.4606324349472537,0.03088351191789298,5
outer_f1_clase_1,es,XGBoost,0.588040679009102,0.023621382381250333,5
outer_f1_clase_1,cu,XGBoost,0.5165312718335772,0.032607838592227364,5
outer_f1_clase_1,mx,HardVoting,0.5069167456775785,0.016562726924629033,5
outer_f1_clase_1,es,HardVoting,0.6167627327647642,0.023159402684887004,5
outer_f1_clase_1,cu,HardVoting,0.5258127313020046,0.0353861344157498,5
