variante,epoch,train_loss,train_std,val_loss,val_std,val_f1_macro,f1_std,n_folds
mx,1.0,0.664664306640625,0.004315070599936359,0.6107934514681498,0.006342916307940866,0.6532117982779596,0.010956493275836587,3
mx,2.0,0.575709114074707,0.0036882345027224204,0.5663758317629496,0.018947760655631796,0.6859850084634579,0.021039060393332594,3
mx,3.0,0.505549570719401,0.003991439977397569,0.5643685857454935,0.02295685879270695,0.6990375021094128,0.02049425479474741,3
mx,4.0,0.45534838358561197,0.007013156424197765,0.5636472702026367,0.03356215352338199,0.6969848876466055,0.013174764125349254,3
mx,5.0,0.4132361857096354,0.007435491456601314,0.5620182156562805,0.02283801925206782,0.6992855007915058,0.01114237412059807,3
mx,6.0,0.3981904983520508,,0.5758795738220215,,0.7005825121061284,,1
es,1.0,0.6285023117065429,0.006889671709145896,0.5254778663317362,0.016212620005825462,0.7169938119619217,0.015583568307387144,3
es,2.0,0.5251542536417643,0.00861233237324974,0.48227769136428833,0.012135266881238406,0.7414508864898096,0.011397049170819578,3
es,3.0,0.448227055867513,0.008265936788045611,0.460272749265035,0.01960920505460429,0.756239224363276,0.013100543913628405,3
es,4.0,0.39430617014567054,0.009793187014740442,0.4550098677476247,0.02448008703731747,0.7598853962743938,0.016389704893159662,3
es,5.0,0.36188777923583987,0.00926999227067954,0.45309356848398835,0.028918093450937616,0.7677285392054006,0.020759379477327727,3
es,6.0,0.33946352005004876,0.003226169294366991,0.4384336769580841,0.02371274420289622,0.7824412455326328,0.012591226213939544,2
cu,1.0,0.6570752207438151,0.014670221911955321,0.5672946770985922,0.021592465855066533,0.7000500478607211,0.027635916209169647,3
cu,2.0,0.5426028315226237,0.017547467289503287,0.5302594900131226,0.02398786342665427,0.7309040306053971,0.021543457371064955,3
cu,3.0,0.4717333094278971,0.009955468541754699,0.4997844894727071,0.015728847339935653,0.7416338553257317,0.009187772448905406,3
cu,4.0,0.4167563883463541,0.007851017750096024,0.4877897997697194,0.009920504064780322,0.7480737172881454,0.017599662616986332,3
cu,5.0,0.37826477050781243,0.003917303883435698,0.48617714643478394,0.01116480046673709,0.7505131673555255,0.013847485462777585,3
cu,6.0,0.359622319539388,0.004499665335753285,0.48731544613838196,0.011316115507169959,0.7502595506211778,0.012340793543928249,3
