variante,modelo,f1_macro_mean,f1_macro_std,f1_ironia_mean,f1_ironia_std,n_folds
mx,LR,0.6450012341054736,0.0148147387087912,0.5314313772330795,0.02368963665285054,5
mx,RF,0.6307391601986021,0.019684910170548894,0.5091652398715367,0.028671577296441778,5
mx,XGBoost,0.5991409318460044,0.013588290802873474,0.4606324349472536,0.030883511917892986,5
mx,HardVoting,0.6330484365122253,0.01267067816048477,0.5069167456775785,0.016562726924629036,5
mx,BETO,0.6751146391194168,0.028656634019571144,0.5811485827962234,0.050309028744164694,5
mx,DistilBETO,0.655843079981222,0.029110541776178167,0.5601969381612244,0.0401759709286746,5
mx,RoBERTuito,0.7147681583329042,0.02254132370916548,0.6208005890432295,0.036565465082210084,5
es,LR,0.7024333072079807,0.015673764972517205,0.6119452118956608,0.029901259346860994,5
es,RF,0.6958845625033366,0.02976891602283373,0.6019862459151162,0.033673970211720555,5
es,XGBoost,0.6846918713960323,0.01627211310899886,0.588040679009102,0.023621382381250333,5
es,HardVoting,0.7082472652257349,0.01799743192527453,0.6167627327647642,0.023159402684886993,5
es,BETO,0.73561075782385,0.016528560897482943,0.6462817970922698,0.027343495587804197,5
es,DistilBETO,0.7367858919960366,0.027920241658980178,0.6380511133030189,0.04108676386212388,5
es,RoBERTuito,0.7829240686938406,0.026379841509512607,0.7081370926711129,0.039532916805447654,5
cu,LR,0.658605358250951,0.017240276872554604,0.5330866785237914,0.02679943007283595,5
cu,RF,0.6608115066407639,0.030523157135066356,0.5216863693056158,0.04575256489843453,5
cu,XGBoost,0.6437448103010192,0.01700924717005838,0.5165312718335772,0.03260783859222734,5
cu,HardVoting,0.6613909252961528,0.022879577532975426,0.5258127313020046,0.03538613441574982,5
cu,BETO,0.7163258950875591,0.017605097618200116,0.6133216439349156,0.033487682716774034,5
cu,DistilBETO,0.7231236258214958,0.01864881525576867,0.6234360740840819,0.03029401743542634,5
cu,RoBERTuito,0.7517289268961032,0.01714989091150379,0.6614598424687032,0.03401914942704402,5
