variante,modelo,outer_1,outer_2,outer_3,outer_4,outer_5
mx,LR,0.6290882244370617,0.6511478773887392,0.6674015748031497,0.6403147246159611,0.6370537692824567
mx,RF,0.6500652290691429,0.5993477754484043,0.6319018404907976,0.6442614513638703,0.6281195046207955
mx,XGBoost,0.6046223729401394,0.5980955117692814,0.6051944030500668,0.6114428129185453,0.5763495585519884
mx,HardVoting,0.6397015174335601,0.6109375,0.633813215208564,0.6398953750076035,0.6408945749113992
mx,BETO,0.6725422228777933,0.6876291451127927,0.689594870300204,0.6990537105530472,0.6267532467532467
mx,DistilBETO,0.678890713373472,0.6789738891433807,0.6124533884660079,0.6692289774050781,0.6396684315181715
mx,RoBERTuito,0.7284057601631198,0.7138477261113949,0.6763381321520856,0.7319932998324958,0.7232558734054249
es,LR,0.6952261489237929,0.7011774904283754,0.6985314685314685,0.7290788366754279,0.6881525914808391
es,RF,0.7252411766100169,0.7038177339901477,0.7085274245667044,0.6955508474576271,0.6462856298921873
es,XGBoost,0.6891801698246134,0.6624271330153683,0.6986546651180797,0.6996568663753734,0.6735405226467266
es,HardVoting,0.7158199612267302,0.7039000754597085,0.7311076181922104,0.7085563893461373,0.6818522819038881
es,BETO,0.7356192538780574,0.738218507096108,0.7109658998925633,0.7574872453947112,0.7357628828578102
es,DistilBETO,0.746797263681592,0.7023273273273274,0.7340474844256992,0.7234202796676124,0.7773371048779523
es,RoBERTuito,0.7941160110640837,0.757160814375206,0.773920148598515,0.7661143688877935,0.8233090005436049
cu,LR,0.6367638965327462,0.6658398609728804,0.667616334283001,0.6446303669150043,0.678176332551123
cu,RF,0.6726190476190477,0.656005308560053,0.620123795198088,0.651758172356739,0.7035512094698919
cu,XGBoost,0.6693625691838593,0.6284441097094082,0.6456581730983606,0.6279233030582247,0.6473358964552427
cu,HardVoting,0.6648431966484319,0.647813023848671,0.6393206381883685,0.6563673715009026,0.6986103962943901
cu,BETO,0.7254397254397255,0.6986103962943901,0.7004935050201373,0.740660697746218,0.7164251509373244
cu,DistilBETO,0.7535199213611177,0.7035512094698919,0.7140625,0.7227119972271199,0.7217725010493494
cu,RoBERTuito,0.7769942145648208,0.7295833243049988,0.7469112051643795,0.7491823266435718,0.7559735638027453
