configuracion,tokenizer,variante,n,p50,p95,p99,max,pct_gt_64,pct_gt_128,tokens_por_palabra,unk_por_1000_tokens
BETO,BETO,mx,2399,27.0,68.0,89.01999999999998,193,6.6694456023343065,0.16673614005835766,1.4755317710245166,0.9427168576104746
BETO,BETO,es,2397,37.0,76.0,100.07999999999993,188,13.183145598664996,0.2503128911138924,1.5585799004722005,3.641742323778435
BETO,BETO,cu,2400,38.0,70.0,88.00999999999976,124,10.041666666666666,0.0,1.412661613909942,0.46287529718698056
DISTILBETO,DistilBETO,mx,2399,26.0,64.0,78.0,180,4.710295956648604,0.08336807002917883,1.4103282394080485,0.9863013698630136
DISTILBETO,DistilBETO,es,2397,35.0,73.0,94.03999999999996,156,11.389236545682103,0.20859407592824364,1.4925036170246593,3.802969938428106
DISTILBETO,DistilBETO,cu,2400,36.0,66.0,74.0,84,6.041666666666667,0.0,1.3307177886758805,0.491378540159028
ROBERTUITO,RoBERTuito,mx,2399,24.0,60.0,70.0,148,2.7928303459774906,0.041684035014589414,1.3051332084001468,0.0
ROBERTUITO,RoBERTuito,es,2397,33.0,70.0,88.0,150,8.719232373800583,0.1251564455569462,1.4045343975070352,0.0
ROBERTUITO,RoBERTuito,cu,2400,35.0,64.0,69.0,77,4.25,0.0,1.2759548224104622,0.0
