variante,outer_fold,number,value,params_batch_size,params_classifier_dropout,params_learning_rate,params_loss_mode,params_num_train_epochs,params_preprocessing,params_weight_decay
cu,1,11,0.7407637721281471,16,0.1,4e-05,balanced,5,PYSENTIMIENTO,0.1
cu,2,18,0.7560579353720159,16,0.2,5e-05,standard,4,PYSENTIMIENTO,0.01
cu,3,19,0.7466825061875193,16,0.2,5e-05,balanced,4,PYSENTIMIENTO,0.01
cu,4,17,0.7621207555160346,32,0.1,5e-05,balanced,4,PYSENTIMIENTO,0.1
cu,5,17,0.7465319077448646,16,0.3,5e-05,standard,5,PYSENTIMIENTO,0.05
es,1,17,0.7795637163368047,16,0.1,3e-05,balanced,4,PYSENTIMIENTO,0.1
es,2,9,0.7822943161021008,16,0.2,5e-05,standard,5,PYSENTIMIENTO,0.0
es,3,18,0.7796517509461861,16,0.2,5e-05,balanced,4,PYSENTIMIENTO,0.01
es,4,19,0.7937258473162997,16,0.3,5e-05,balanced,5,PYSENTIMIENTO,0.05
es,5,10,0.77662347696902,16,0.1,5e-05,balanced,5,PYSENTIMIENTO,0.0
mx,1,15,0.7060229481274165,16,0.3,5e-05,balanced,4,PYSENTIMIENTO,0.01
mx,2,16,0.7102399829725469,16,0.2,5e-05,balanced,5,PYSENTIMIENTO,0.05
mx,3,14,0.7290959868232498,16,0.1,5e-05,balanced,4,PYSENTIMIENTO,0.01
mx,4,14,0.7000132364455491,32,0.2,4e-05,balanced,5,PYSENTIMIENTO,0.1
mx,5,18,0.7159324452508337,16,0.1,5e-05,balanced,5,PYSENTIMIENTO,0.05
