epoch,train_loss,val_loss,val_f1_macro,inner_fold
1.0,0.5860383987426758,0.489316463470459,0.7275616594100851,1
2.0,0.323526668548584,0.5739911794662476,0.7916058135412973,1
3.0,0.109991979598999,0.9510247707366944,0.7806963354666534,1
1.0,0.5971374034881591,0.4896472692489624,0.7458398801682384,2
2.0,0.3213446378707886,0.5089244842529297,0.7800344234079174,2
3.0,0.1281599044799804,0.6845340132713318,0.7953074069911206,2
4.0,0.0366433352231979,1.0119736194610596,0.7729131711409396,2
1.0,0.5694670677185059,0.5119370222091675,0.7464361268716408,3
2.0,0.312576413154602,0.5004973411560059,0.7942643214164811,3
3.0,0.0818162381649017,0.7769706845283508,0.7932886818753613,3
