variante,outer_fold,number,value,params_batch_size,params_classifier_dropout,params_label_smoothing,params_learning_rate,params_loss_mode,params_lr_decay,params_num_train_epochs,params_preprocessing,params_weight_decay
cu,1,11,0.6974840878995024,16,0.2,0.1,2e-05,balanced,0.9,6,PYSENTIMIENTO,0.01
cu,2,16,0.7057977408391799,16,0.1,0.1,2e-05,balanced,0.9,6,PYSENTIMIENTO,0.1
cu,3,11,0.7071248820186359,16,0.2,0.1,2e-05,balanced,0.9,6,PYSENTIMIENTO,0.01
cu,4,17,0.7130409447611014,16,0.1,0.1,2e-05,balanced,0.9,6,PYSENTIMIENTO,0.01
cu,5,19,0.702991700340904,16,0.1,0.1,2e-05,standard,0.9,6,PYSENTIMIENTO,0.01
es,1,2,0.7300127293965285,16,0.2,0.1,2e-05,standard,0.9,6,PYSENTIMIENTO,0.1
es,2,13,0.7499098384298261,16,0.3,0.1,2e-05,standard,0.9,6,PYSENTIMIENTO,0.1
es,3,7,0.7379652348145723,16,0.2,0.1,2e-05,balanced,0.9,6,PYSENTIMIENTO,0.01
es,4,12,0.736571704505604,16,0.1,0.1,2e-05,balanced,0.9,6,PYSENTIMIENTO,0.1
es,5,18,0.7357044580059936,16,0.2,0.1,2e-05,standard,0.9,6,PYSENTIMIENTO,0.01
mx,1,9,0.6679661508321347,16,0.1,0.1,2e-05,balanced,0.9,6,PYSENTIMIENTO,0.01
mx,2,10,0.6484571089847108,16,0.1,0.1,2e-05,standard,0.9,6,PYSENTIMIENTO,0.1
mx,3,11,0.6710961498149617,16,0.1,0.1,2e-05,balanced,0.9,6,PYSENTIMIENTO,0.1
mx,4,4,0.6576117311105856,16,0.3,0.1,2e-05,balanced,0.9,6,PYSENTIMIENTO,0.1
mx,5,16,0.655782953535821,16,0.1,0.1,2e-05,balanced,0.9,6,PYSENTIMIENTO,0.1
