variante,inner_fold,step,train_loss,train_f1,val_loss,val_f1,train_loss_running,epoch,pasos_epoca,epoch_r
mx,1,0,0.7030975222587585,0.36621448173881077,0.6996704339981079,0.3688172970088772,,0.0,100,0.0
mx,1,25,0.6471475958824158,0.599188356421754,0.6659214496612549,0.5409336746101611,0.6932063293457031,0.25,100,0.25
mx,1,50,0.6029574275016785,0.6550796991811325,0.6542568802833557,0.5863501927449006,0.6608636474609375,0.5,100,0.5
mx,1,75,0.5804307460784912,0.6888957880906619,0.6468403339385986,0.60903087241417,0.6581446838378906,0.75,100,0.75
mx,1,100,0.5809447765350342,0.6759014778325123,0.6455075144767761,0.5913742242003901,0.6933305358886719,1.0,100,1.0
mx,1,125,0.5339431762695312,0.7390450599421248,0.6333798766136169,0.6272423701172634,0.6054481506347656,1.25,100,1.25
mx,1,150,0.4942520558834076,0.7590283400809716,0.6404492259025574,0.6216793342336324,0.5987440872192383,1.5,100,1.5
mx,1,175,0.4583902657032013,0.7869528337245774,0.6455303430557251,0.6266666666666667,0.5593819808959961,1.75,100,1.75
mx,1,200,0.43236660957336426,0.8051349572086899,0.6415693759918213,0.6348380600771941,0.586905517578125,2.0,100,2.0
mx,1,225,0.40839749574661255,0.8217159836572985,0.646315336227417,0.6315062183325657,0.5187449645996094,2.25,100,2.25
mx,1,250,0.3992285132408142,0.7958867300537412,0.6564634442329407,0.6272423701172634,0.4971728515625,2.5,100,2.5
mx,1,275,0.3694159686565399,0.8209475078866415,0.6577625870704651,0.6278112131770668,0.5126643371582031,2.75,100,2.75
mx,1,300,0.3586447834968567,0.8263636734527355,0.6573004126548767,0.6306707564513505,0.4853986740112305,3.0,100,3.0
mx,1,325,0.3279849886894226,0.8759572861611478,0.6688464879989624,0.6362881489983341,0.45232353210449217,3.25,100,3.25
mx,1,350,0.32380974292755127,0.863117239088002,0.6668211221694946,0.6338079079249846,0.47188621520996094,3.5,100,3.5
mx,1,375,0.31201067566871643,0.8725514363956205,0.6720529794692993,0.6358919199030408,0.4657890701293945,3.75,100,3.75
mx,1,400,0.3130016624927521,0.8680877216650927,0.6707640886306763,0.6327110767765992,0.43677692413330077,4.0,100,4.0
mx,2,0,0.6934136748313904,0.4021136469718513,0.6958703398704529,0.404045613431895,,0.0,100,0.0
mx,2,25,0.6644254922866821,0.5261940724120857,0.6740867495536804,0.5374277230817315,0.7106966400146484,0.25,100,0.25
mx,2,50,0.6204895973205566,0.6340209112879309,0.6462680101394653,0.5930129679718901,0.6758008575439454,0.5,100,0.5
mx,2,75,0.5868527293205261,0.6753246753246753,0.6442577838897705,0.5944001875899132,0.639961051940918,0.75,100,0.75
mx,2,100,0.5452597141265869,0.7383750638732753,0.6291753649711609,0.6340095900494638,0.6569216156005859,1.0,100,1.0
mx,2,125,0.5148739814758301,0.7662316164982375,0.6270577907562256,0.6365017361111112,0.6200627136230469,1.25,100,1.25
mx,2,150,0.5210540294647217,0.6918046342059272,0.6522594690322876,0.5894480618841133,0.5725279235839844,1.5,100,1.5
mx,2,175,0.4718981981277466,0.7669231467285658,0.636149525642395,0.6024536661984952,0.6062152481079102,1.75,100,1.75
mx,2,200,0.4564381539821625,0.7738232136163508,0.6531988382339478,0.6114409749414235,0.5734486007690429,2.0,100,2.0
mx,2,225,0.392512708902359,0.8431372549019608,0.658589780330658,0.61897136072782,0.5166564559936524,2.25,100,2.25
mx,2,250,0.3794628977775574,0.8524074313547998,0.6897684335708618,0.6106255948775634,0.5014737701416015,2.5,100,2.5
mx,2,275,0.3643859028816223,0.8469184988199968,0.6633797287940979,0.6082763018549939,0.5193167495727539,2.75,100,2.75
mx,2,300,0.34553754329681396,0.8592010316485158,0.6689521074295044,0.6109758513587192,0.48444652557373047,3.0,100,3.0
mx,2,325,0.32382288575172424,0.8743281905933313,0.676893949508667,0.6117411361273866,0.4588389587402344,3.25,100,3.25
mx,2,350,0.31461724638938904,0.8767230194906871,0.684583306312561,0.6129032258064515,0.44156375885009763,3.5,100,3.5
mx,2,375,0.3128432035446167,0.8695735945813757,0.6872771978378296,0.6162152338320025,0.4409854507446289,3.75,100,3.75
mx,2,400,0.3025791049003601,0.8839224214850259,0.6880895495414734,0.6197896794318265,0.46800941467285156,4.0,100,4.0
mx,3,0,0.696419358253479,0.3655782787202727,0.7017573118209839,0.3925313059033989,,0.0,100,0.0
mx,3,25,0.6961606740951538,0.4624088341037494,0.6765754222869873,0.4601024880566445,0.7047325897216797,0.25,100,0.25
mx,3,50,0.6375265717506409,0.6062248843733414,0.6408216953277588,0.6116940334775369,0.7104441833496093,0.5,100,0.5
mx,3,75,0.6317678093910217,0.5519534679888225,0.6465575695037842,0.5502826010269275,0.6715099334716796,0.75,100,0.75
mx,3,100,0.606723427772522,0.5899959983993597,0.6301651000976562,0.5980438097596372,0.6720353698730469,1.0,100,1.0
mx,3,125,0.5637621283531189,0.6797140332049745,0.6006549596786499,0.6635531906748842,0.6466910552978515,1.25,100,1.25
mx,3,150,0.5216158628463745,0.7461299748940198,0.5804349184036255,0.6950670071059954,0.6123716354370117,1.5,100,1.5
mx,3,175,0.49636110663414,0.7428263971291177,0.5836870670318604,0.6732424537487829,0.6170025634765625,1.75,100,1.75
mx,3,200,0.508983850479126,0.6928740760962507,0.6072904467582703,0.6224250616603633,0.5940605926513672,2.0,100,2.0
mx,3,225,0.45964881777763367,0.7675662370211243,0.5753801465034485,0.6730432148887084,0.5396147155761719,2.25,100,2.25
mx,3,250,0.4163458049297333,0.816574839302112,0.5624204874038696,0.7110211088610549,0.5245051956176758,2.5,100,2.5
mx,3,275,0.39669591188430786,0.8155130473241928,0.5607624650001526,0.7014067580359715,0.5330194473266602,2.75,100,2.75
mx,3,300,0.376996785402298,0.8469651938445282,0.5623404383659363,0.7037091104343376,0.527608642578125,3.0,100,3.0
mx,3,325,0.3773878812789917,0.8147962140235658,0.5737361907958984,0.6850641608961601,0.47300765991210936,3.25,100,3.25
mx,3,350,0.3502230942249298,0.8525907964788362,0.5645254850387573,0.7041162227602906,0.4901797103881836,3.5,100,3.5
mx,3,375,0.3431428074836731,0.8612262114482793,0.5641121864318848,0.7108362421192196,0.4648526382446289,3.75,100,3.75
mx,3,400,0.3411032557487488,0.8637026854696467,0.5644879341125488,0.7119755888281318,0.4764974975585938,4.0,100,4.0
es,1,0,0.7159332036972046,0.26681184430383215,0.7140494585037231,0.26639702368762375,,0.0,100,0.0
es,1,25,0.6271514892578125,0.6733657738919439,0.6446674466133118,0.6427538023090121,0.7000041961669922,0.25,100,0.25
es,1,50,0.5632072687149048,0.6893351879417913,0.6238136887550354,0.6287421174908729,0.6608409118652344,0.5,100,0.5
es,1,75,0.5084678530693054,0.7396311169266094,0.5924397110939026,0.660857406806322,0.6095897674560546,0.75,100,0.75
es,1,100,0.4872022867202759,0.7294025119377232,0.5912172794342041,0.6637805717783275,0.593577995300293,1.0,100,1.0
es,1,125,0.4149070680141449,0.8099790715372908,0.5736268758773804,0.689175956108227,0.5339598846435547,1.25,100,1.25
es,1,150,0.38581031560897827,0.8338154934104789,0.5711934566497803,0.6980055966006837,0.5258760833740235,1.5,100,1.5
es,1,175,0.3557088077068329,0.8522680581806229,0.5646605491638184,0.6990583804143127,0.5344466018676758,1.75,100,1.75
es,1,200,0.34680336713790894,0.8499470132936269,0.5535835027694702,0.7169930616244273,0.5293486404418946,2.0,100,2.0
es,1,225,0.29618826508522034,0.8945883199547671,0.5568172931671143,0.7270793756025986,0.47213905334472656,2.25,100,2.25
es,1,250,0.26722896099090576,0.9063841619202675,0.582344114780426,0.7150880940411934,0.43615314483642575,2.5,100,2.5
es,1,275,0.24758727848529816,0.916240355585374,0.572860598564148,0.7207356736644737,0.45088130950927735,2.75,100,2.75
es,1,300,0.24120166897773743,0.9164920456784518,0.5767353177070618,0.7213086847898104,0.42316097259521485,3.0,100,3.0
es,1,325,0.24751897156238556,0.9012874083777165,0.5885928273200989,0.7180124018734745,0.4209310150146484,3.25,100,3.25
es,1,350,0.21662238240242004,0.9321155480033985,0.6043463945388794,0.7188899313403556,0.3741360092163086,3.5,100,3.5
es,1,375,0.20746763050556183,0.9382395929954745,0.5976648330688477,0.7212998102466793,0.39104629516601563,3.75,100,3.75
es,1,400,0.20636801421642303,0.9371236908419707,0.593805193901062,0.7246346843121036,0.38782745361328125,4.0,100,4.0
es,2,0,0.6858222484588623,0.4143170093986291,0.6962225437164307,0.40295182400445556,,0.0,100,0.0
es,2,25,0.6133430004119873,0.6643370747264186,0.6386640071868896,0.6193014181022175,0.7051339721679688,0.25,100,0.25
es,2,50,0.5592981576919556,0.6800593809788904,0.612165629863739,0.6365031733722519,0.6274792098999024,0.5,100,0.5
es,2,75,0.5119788646697998,0.7416194724961183,0.5977269411087036,0.6696582112410293,0.648238525390625,0.75,100,0.75
es,2,100,0.49415749311447144,0.7582137880221071,0.5710288882255554,0.6853657541511974,0.6191178512573242,1.0,100,1.0
es,2,125,0.4636351764202118,0.7903805948133855,0.5903266072273254,0.6997062660806566,0.5586954116821289,1.25,100,1.25
es,2,150,0.4222022294998169,0.82281284606866,0.5781972408294678,0.6974813189388411,0.5375804138183594,1.5,100,1.5
es,2,175,0.3916774094104767,0.8351064673146137,0.5663694143295288,0.7048333538310171,0.5397867202758789,1.75,100,1.75
es,2,200,0.4087543189525604,0.7958888504284547,0.5586440563201904,0.691905384523951,0.5679616165161133,2.0,100,2.0
es,2,225,0.33690139651298523,0.8708313150726313,0.5492610335350037,0.7108520827685914,0.4729499816894531,2.25,100,2.25
es,2,250,0.3285636007785797,0.8643109160860416,0.5432611703872681,0.7095310931521298,0.4676698684692383,2.5,100,2.5
es,2,275,0.30516982078552246,0.8837941219193337,0.5854848623275757,0.7076318732679667,0.46430244445800783,2.75,100,2.75
es,2,300,0.2973523736000061,0.8745174233569626,0.5429603457450867,0.7343485951380533,0.4659549331665039,3.0,100,3.0
es,2,325,0.2723064422607422,0.8986095268849688,0.5490257740020752,0.7287206666310928,0.4140095520019531,3.25,100,3.25
es,2,350,0.26654666662216187,0.8934254211512477,0.5458295941352844,0.728193597183594,0.42560176849365233,3.5,100,3.5
es,2,375,0.258966326713562,0.9102233194927618,0.5543115139007568,0.7205914615418367,0.4094920349121094,3.75,100,3.75
es,2,400,0.25879451632499695,0.9031972563336652,0.5450565814971924,0.7228844468895816,0.4323056030273438,4.0,100,4.0
es,3,0,0.6929252743721008,0.41899977744571265,0.6941720843315125,0.42893511921725086,,0.0,100,0.0
es,3,25,0.622133731842041,0.6220800246704186,0.632029116153717,0.6174189968546588,0.6760805511474609,0.25,100,0.25
es,3,50,0.5659874081611633,0.6804383497421471,0.5876808166503906,0.6631501102741475,0.623112907409668,0.5,100,0.5
es,3,75,0.5308778882026672,0.7263410931174089,0.5687859058380127,0.6865050806499535,0.6448244476318359,0.75,100,0.75
es,3,100,0.5085716247558594,0.7497016848837764,0.556330144405365,0.7116198710050455,0.6238522720336914,1.0,100,1.0
es,3,125,0.4671035706996918,0.7714391616403276,0.5387524366378784,0.7221840116975153,0.5736624145507813,1.25,100,1.25
es,3,150,0.4271264374256134,0.8191220544161721,0.5249406099319458,0.739980449657869,0.5542533874511719,1.5,100,1.5
es,3,175,0.4001184105873108,0.8350767200131992,0.5332700610160828,0.7389459165539376,0.5164522171020508,1.75,100,1.75
es,3,200,0.38068339228630066,0.8411408739771156,0.5285536050796509,0.7342772135015903,0.5661648178100586,2.0,100,2.0
es,3,225,0.3349441885948181,0.8623684073924611,0.5122959017753601,0.740248322147651,0.48911251068115236,2.25,100,2.25
es,3,250,0.31279265880584717,0.8664080952736133,0.5130647420883179,0.7379475510325932,0.4691759490966797,2.5,100,2.5
es,3,275,0.2990358769893646,0.8746451089104327,0.5149314403533936,0.7421072576319067,0.46681015014648436,2.75,100,2.75
es,3,300,0.27471494674682617,0.9094685046369748,0.5081333518028259,0.7519984104421722,0.46120925903320314,3.0,100,3.0
es,3,325,0.2653060257434845,0.9000465948204597,0.5168945789337158,0.7414407603412896,0.39449066162109375,3.25,100,3.25
es,3,350,0.2491900771856308,0.9110127394992059,0.515352725982666,0.73767258382643,0.42006423950195315,3.5,100,3.5
es,3,375,0.25126805901527405,0.8962496249624963,0.5209794044494629,0.7394296511772458,0.41681201934814455,3.75,100,3.75
es,3,400,0.24142219126224518,0.9178129373964811,0.5162054300308228,0.740697527590474,0.4202558898925781,4.0,100,4.0
cu,1,0,0.7028720378875732,0.3845997355304649,0.701731264591217,0.3767514924029639,,0.0,100,0.0
cu,1,25,0.7033143639564514,0.35559774325516724,0.7041952610015869,0.3714024668798538,0.7009786224365234,0.25,100,0.25
cu,1,50,0.598743200302124,0.7001993674206652,0.6229907870292664,0.6402974983096688,0.6651554870605468,0.5,100,0.5
cu,1,75,0.5585800409317017,0.7127583180403734,0.6077414751052856,0.6440690346700666,0.6613841247558594,0.75,100,0.75
cu,1,100,0.5145230889320374,0.7575457605477457,0.5926579236984253,0.6782481419381142,0.635732421875,1.0,100,1.0
cu,1,125,0.5567083954811096,0.7026625219624274,0.7064728736877441,0.578020241560966,0.5730207824707031,1.25,100,1.25
cu,1,150,0.445487380027771,0.8071122017606369,0.5840808153152466,0.6748887872916349,0.6150399017333984,1.5,100,1.5
cu,1,175,0.41274628043174744,0.8307675510426902,0.5704092979431152,0.6880410537973203,0.5457126998901367,1.75,100,1.75
cu,1,200,0.38485509157180786,0.8589409722222222,0.5630431771278381,0.6942897696255049,0.5454311370849609,2.0,100,2.0
cu,1,225,0.33512526750564575,0.8604031029815118,0.575066089630127,0.694591728525981,0.4528139877319336,2.25,100,2.25
cu,1,250,0.29757964611053467,0.9020009906421598,0.5913196802139282,0.6953026443643066,0.4738751983642578,2.5,100,2.5
cu,1,275,0.2626357078552246,0.9278399156282091,0.5775256156921387,0.686932215234102,0.46277076721191407,2.75,100,2.75
cu,1,300,0.2388215810060501,0.926065883512692,0.5835798382759094,0.6845836847482498,0.44288097381591796,3.0,100,3.0
cu,1,325,0.19967032968997955,0.956867689899561,0.6085647940635681,0.6753931339977851,0.3694878005981445,3.25,100,3.25
cu,1,350,0.17765189707279205,0.9515570096142034,0.6172387599945068,0.678469571322013,0.3605156326293945,3.5,100,3.5
cu,1,375,0.15097551047801971,0.9665176235883342,0.636922299861908,0.6795888298286852,0.35795448303222654,3.75,100,3.75
cu,1,400,0.14872123301029205,0.9639826839826839,0.6092567443847656,0.6924704637630048,0.4137931060791016,4.0,100,4.0
cu,1,425,0.13450893759727478,0.9707813383190573,0.6235277652740479,0.6896490918709222,0.31169681549072265,4.25,100,4.25
cu,1,450,0.12198812514543533,0.979054630759322,0.6275877952575684,0.6911905706392676,0.34430076599121096,4.5,100,4.5
cu,1,475,0.11156531423330307,0.9859462726001503,0.6405478119850159,0.6956674475199263,0.3146905517578125,4.75,100,4.75
cu,1,500,0.10242518782615662,0.9887145124316699,0.6544613838195801,0.6900016344700552,0.34037940979003906,5.0,100,5.0
cu,1,525,0.09729430824518204,0.990134574967541,0.6653737425804138,0.6841169590643275,0.27759298324584963,5.25,100,5.25
cu,1,550,0.0982111394405365,0.9887570180801203,0.6443356275558472,0.6910666781086416,0.29592361450195315,5.5,100,5.5
cu,1,575,0.09658157080411911,0.9873634329340529,0.6436536908149719,0.6911905706392676,0.30880205154418944,5.75,100,5.75
cu,1,600,0.09616806358098984,0.9873634329340529,0.6439034938812256,0.6894586894586895,0.30280364990234376,6.0,100,6.0
cu,2,0,0.6883943676948547,0.4202560535763371,0.6962631344795227,0.4035633822745132,,0.0,100,0.0
cu,2,25,0.6639175415039062,0.4436360284773447,0.6785893440246582,0.4269639794168096,0.7138544464111328,0.25,100,0.25
cu,2,50,0.613728940486908,0.6686279924379208,0.6197067499160767,0.6631659333934499,0.68104248046875,0.5,100,0.5
cu,2,75,0.6088988780975342,0.6435028392452447,0.6176201105117798,0.6034509803921568,0.6417275238037109,0.75,100,0.75
cu,2,100,0.5479917526245117,0.6982753014924596,0.5788352489471436,0.6955422794117647,0.6592621612548828,1.0,100,1.0
cu,2,125,0.5084637999534607,0.7398925012866031,0.5584468841552734,0.7060153776571687,0.5822630310058594,1.25,100,1.25
cu,2,150,0.4908612072467804,0.73952937694243,0.577263593673706,0.6972243038051336,0.5682551193237305,1.5,100,1.5
cu,2,175,0.4454549551010132,0.8181129215611975,0.5464498400688171,0.7137727098107042,0.5982272338867187,1.75,100,1.75
cu,2,200,0.4241240322589874,0.7992687647860062,0.553989827632904,0.6770771010330661,0.5383791351318359,2.0,100,2.0
cu,2,225,0.34612151980400085,0.866781382698232,0.5322710275650024,0.7290484870455562,0.5082786560058594,2.25,100,2.25
cu,2,250,0.3069992661476135,0.8802361853832442,0.538395881652832,0.7238922903824783,0.46478126525878904,2.5,100,2.5
cu,2,275,0.29556038975715637,0.8933617701946148,0.5693017840385437,0.7162931932530976,0.5028516769409179,2.75,100,2.75
cu,2,300,0.2599802315235138,0.919229055258467,0.5201873183250427,0.7395331711665948,0.47273990631103513,3.0,100,3.0
cu,2,325,0.23021520674228668,0.9271907532256597,0.531660258769989,0.7369829813529885,0.4103542327880859,3.25,100,3.25
cu,2,350,0.21235337853431702,0.9291655598785398,0.533295214176178,0.7384316686441592,0.4018490219116211,3.5,100,3.5
cu,2,375,0.19879299402236938,0.9271376256832996,0.5405353307723999,0.7325309261116684,0.3975596618652344,3.75,100,3.75
cu,2,400,0.15675516426563263,0.9646991751962284,0.5379078984260559,0.7437614652185307,0.35688785552978514,4.0,100,4.0
cu,2,425,0.14199298620224,0.9676461330974784,0.5456904768943787,0.7473358192228539,0.34188285827636716,4.25,100,4.25
cu,2,450,0.13311289250850677,0.9732224177690398,0.5520873069763184,0.7422386306427253,0.3129633712768555,4.5,100,4.5
cu,2,475,0.11168073862791061,0.9787375415282392,0.5545976758003235,0.7479994009821826,0.33630245208740234,4.75,100,4.75
cu,2,500,0.12136054784059525,0.9746557404747824,0.5539969801902771,0.736349775963888,0.3392160797119141,5.0,100,5.0
cu,2,525,0.10217796266078949,0.9928703708654836,0.5527832508087158,0.7401700236630872,0.2937899398803711,5.25,100,5.25
cu,2,550,0.09787212312221527,0.9942905673035063,0.557267427444458,0.7437614652185307,0.3031934928894043,5.5,100,5.5
cu,2,575,0.09803803265094757,0.9900384055044924,0.5590687394142151,0.7399410101794033,0.29215206146240236,5.75,100,5.75
cu,2,600,0.09797438979148865,0.9900384055044924,0.5595237612724304,0.7419021809265711,0.29581340789794924,6.0,100,6.0
cu,3,0,0.7059314846992493,0.32670476786972524,0.7056871056556702,0.30919533305219193,,0.0,100,0.0
cu,3,25,0.6569766998291016,0.534813925570228,0.6741218566894531,0.5040733469242347,0.6947095489501953,0.25,100,0.25
cu,3,50,0.5868939161300659,0.6995603861532684,0.6387811899185181,0.6198018737856414,0.6697261810302735,0.5,100,0.5
cu,3,75,0.554979681968689,0.7270994854539382,0.639238715171814,0.626494415776764,0.6457249450683594,0.75,100,0.75
cu,3,100,0.5193378329277039,0.7425997425997426,0.6108447313308716,0.6570325211485359,0.6315798950195313,1.0,100,1.0
cu,3,125,0.4721234440803528,0.7795490113501063,0.5957688093185425,0.6762908669975465,0.5927552032470703,1.25,100,1.25
cu,3,150,0.43279770016670227,0.7977564448279582,0.5949690341949463,0.6711650365234616,0.561067008972168,1.5,100,1.5
cu,3,175,0.40113869309425354,0.8274870615296147,0.5802690982818604,0.6910160209542411,0.5816898727416993,1.75,100,1.75
cu,3,200,0.36906296014785767,0.8453776041666667,0.5833134651184082,0.6873654578572612,0.5313682937622071,2.0,100,2.0
cu,3,225,0.30874601006507874,0.8787352927340487,0.5924474000930786,0.698786932829486,0.48343040466308596,2.25,100,2.25
cu,3,250,0.27812886238098145,0.8996423900920918,0.6045569777488708,0.6925897961384964,0.461802978515625,2.5,100,2.5
cu,3,275,0.23580247163772583,0.9346028902679149,0.6089867353439331,0.6986046247129991,0.46352558135986327,2.75,100,2.75
cu,3,300,0.21760150790214539,0.9435779194357792,0.625158429145813,0.6968288371033713,0.4441644287109375,3.0,100,3.0
cu,3,325,0.2027764916419983,0.9314312358148369,0.6016721129417419,0.6922750424448217,0.3946407699584961,3.25,100,3.25
cu,3,350,0.15727746486663818,0.9576794216187621,0.6174635887145996,0.6919349194933806,0.35602867126464843,3.5,100,3.5
cu,3,375,0.1507471650838852,0.9540849602156616,0.6276120543479919,0.6992784024165128,0.3513693618774414,3.75,100,3.75
cu,3,400,0.13463270664215088,0.9705692227647063,0.6205734014511108,0.6955133897986836,0.38181884765625,4.0,100,4.0
cu,3,425,0.12023183703422546,0.9760862722894406,0.6220241785049438,0.6984330745563094,0.3298264312744141,4.25,100,4.25
cu,3,450,0.10398626327514648,0.9802503967554224,0.6264487504959106,0.7021680314439189,0.30861495971679687,4.5,100,4.5
cu,3,475,0.09356672316789627,0.9843148159040638,0.6526107788085938,0.7033380009630446,0.3126648330688477,4.75,100,4.75
cu,3,500,0.09277145564556122,0.9844377518917857,0.6337234973907471,0.7063398160526266,0.2991475105285645,5.0,100,5.0
cu,3,525,0.08368337899446487,0.9914699422088584,0.6396703124046326,0.7099780351011878,0.2804204368591309,5.25,100,5.25
cu,3,550,0.07934196293354034,0.9900384055044924,0.6499311327934265,0.7063158370631584,0.2735875129699707,5.5,100,5.5
cu,3,575,0.07960020750761032,0.990058071514422,0.6407878994941711,0.7194478734148805,0.2804728889465332,5.75,100,5.75
cu,3,600,0.07816675305366516,0.9914699422088584,0.6421061754226685,0.7222533946807317,0.29716880798339845,6.0,100,6.0
