number,value,datetime_start,datetime_complete,duration,params_batch_size,params_classifier_dropout,params_learning_rate,params_loss_mode,params_num_train_epochs,params_preprocessing,params_weight_decay,user_attrs_best_epochs_inner,user_attrs_f1_inner_std,user_attrs_refit_epochs,system_attrs_tpe:relative_params:0,state,variante,outer_fold
0,0.6513092125960452,2026-10-01 11:50:18.130162,2026-10-01 11:50:44.839148,0 days 00:00:26.708986,32,0.2,3e-05,balanced,3,PYSENTIMIENTO,0.05,"[3, 3, 3]",0.0261807836895677,3,,COMPLETE,mx,1
1,0.647934632059073,2026-10-01 11:50:45.072229,2026-10-01 11:51:10.730932,0 days 00:00:25.658703,32,0.2,5e-05,standard,4,PYSENTIMIENTO,0.0,"[2, 3, 2]",0.0511751348874159,2,,COMPLETE,mx,1
2,0.6116130706650263,2026-10-01 11:51:10.963912,2026-10-01 11:51:44.022161,0 days 00:00:33.058249,16,0.2,2e-05,standard,3,PYSENTIMIENTO,0.01,"[2, 3, 3]",0.0419806358111111,3,,COMPLETE,mx,1
3,0.6462318417502243,2026-10-01 11:51:44.239028,2026-10-01 11:52:23.536297,0 days 00:00:39.297269,16,0.2,2e-05,standard,5,PYSENTIMIENTO,0.01,"[2, 2, 5]",0.0290892874008754,2,,COMPLETE,mx,1
4,0.6054115690345448,2026-10-01 11:52:23.786099,2026-10-01 11:52:57.072070,0 days 00:00:33.285971,16,0.3,2e-05,standard,3,PYSENTIMIENTO,0.01,"[2, 3, 3]",0.033374182708138,3,,COMPLETE,mx,1
5,0.6513092125960452,2026-10-01 11:52:57.284146,2026-10-01 11:52:57.379991,0 days 00:00:00.095845,32,0.2,3e-05,balanced,3,PYSENTIMIENTO,0.05,"[3, 3, 3]",0.0261807836895677,3,"{""batch_size"": 32, ""classifier_dropout"": 0.2, ""learning_rate"": 3e-05, ""loss_mode"": ""balanced"", ""num_train_epochs"": 3, ""weight_decay"": 0.05}",COMPLETE,mx,1
6,0.6727116473944883,2026-10-01 11:52:57.600205,2026-10-01 11:53:25.147219,0 days 00:00:27.547014,32,0.3,5e-05,balanced,5,PYSENTIMIENTO,0.1,"[3, 3, 2]",0.0206554986562693,3,"{""batch_size"": 32, ""classifier_dropout"": 0.3, ""learning_rate"": 5e-05, ""loss_mode"": ""balanced"", ""num_train_epochs"": 5, ""weight_decay"": 0.1}",COMPLETE,mx,1
7,0.6727116473944883,2026-10-01 11:53:25.353687,2026-10-01 11:53:25.456118,0 days 00:00:00.102431,32,0.3,5e-05,balanced,5,PYSENTIMIENTO,0.1,"[3, 3, 2]",0.0206554986562693,3,"{""batch_size"": 32, ""classifier_dropout"": 0.3, ""learning_rate"": 5e-05, ""loss_mode"": ""balanced"", ""num_train_epochs"": 5, ""weight_decay"": 0.1}",COMPLETE,mx,1
8,0.6540088801831824,2026-10-01 11:53:25.683763,2026-10-01 11:54:02.691520,0 days 00:00:37.007757,16,0.1,4e-05,balanced,5,PYSENTIMIENTO,0.1,"[2, 3, 2]",0.0145908667196487,2,"{""batch_size"": 16, ""classifier_dropout"": 0.1, ""learning_rate"": 4e-05, ""loss_mode"": ""balanced"", ""num_train_epochs"": 5, ""weight_decay"": 0.1}",COMPLETE,mx,1
9,0.656739850987501,2026-10-01 11:54:02.979899,2026-10-01 11:54:36.335062,0 days 00:00:33.355163,16,0.3,5e-05,balanced,4,PYSENTIMIENTO,0.0,"[1, 3, 2]",0.0232519163722902,2,"{""batch_size"": 16, ""classifier_dropout"": 0.3, ""learning_rate"": 5e-05, ""loss_mode"": ""balanced"", ""num_train_epochs"": 4, ""weight_decay"": 0.0}",COMPLETE,mx,1
10,0.6467478929304488,2026-10-01 11:54:36.561015,2026-10-01 11:55:07.132822,0 days 00:00:30.571807,32,0.1,2e-05,balanced,4,PYSENTIMIENTO,0.1,"[4, 4, 3]",0.0257099779364385,4,"{""batch_size"": 32, ""classifier_dropout"": 0.1, ""learning_rate"": 2e-05, ""loss_mode"": ""balanced"", ""num_train_epochs"": 4, ""weight_decay"": 0.1}",COMPLETE,mx,1
11,0.6727116473944883,2026-10-01 11:55:07.361102,2026-10-01 11:55:07.471005,0 days 00:00:00.109903,32,0.3,5e-05,balanced,5,PYSENTIMIENTO,0.1,"[3, 3, 2]",0.0206554986562693,3,"{""batch_size"": 32, ""classifier_dropout"": 0.3, ""learning_rate"": 5e-05, ""loss_mode"": ""balanced"", ""num_train_epochs"": 5, ""weight_decay"": 0.1}",COMPLETE,mx,1
12,0.6640377791854787,2026-10-01 11:55:07.701171,2026-10-01 11:55:36.616491,0 days 00:00:28.915320,32,0.3,4e-05,balanced,5,PYSENTIMIENTO,0.01,"[3, 3, 2]",0.0260263470054107,3,"{""batch_size"": 32, ""classifier_dropout"": 0.3, ""learning_rate"": 4e-05, ""loss_mode"": ""balanced"", ""num_train_epochs"": 5, ""weight_decay"": 0.01}",COMPLETE,mx,1
13,0.6528013616488695,2026-10-01 11:55:36.868297,2026-10-01 11:56:01.394393,0 days 00:00:24.526096,32,0.3,5e-05,standard,3,PYSENTIMIENTO,0.1,"[2, 3, 3]",0.0285260901551221,3,"{""batch_size"": 32, ""classifier_dropout"": 0.3, ""learning_rate"": 5e-05, ""loss_mode"": ""standard"", ""num_train_epochs"": 3, ""weight_decay"": 0.1}",COMPLETE,mx,1
14,0.6742547165116521,2026-10-01 11:56:01.616013,2026-10-01 11:56:29.907222,0 days 00:00:28.291209,32,0.2,5e-05,balanced,5,PYSENTIMIENTO,0.0,"[3, 3, 2]",0.0172333777907211,3,"{""batch_size"": 32, ""classifier_dropout"": 0.2, ""learning_rate"": 5e-05, ""loss_mode"": ""balanced"", ""num_train_epochs"": 5, ""weight_decay"": 0.0}",COMPLETE,mx,1
15,0.6742547165116521,2026-10-01 11:56:30.133678,2026-10-01 11:56:30.238464,0 days 00:00:00.104786,32,0.2,5e-05,balanced,5,PYSENTIMIENTO,0.0,"[3, 3, 2]",0.0172333777907211,3,"{""batch_size"": 32, ""classifier_dropout"": 0.2, ""learning_rate"": 5e-05, ""loss_mode"": ""balanced"", ""num_train_epochs"": 5, ""weight_decay"": 0.0}",COMPLETE,mx,1
16,0.6742547165116521,2026-10-01 11:56:30.477352,2026-10-01 11:56:30.581322,0 days 00:00:00.103970,32,0.2,5e-05,balanced,5,PYSENTIMIENTO,0.0,"[3, 3, 2]",0.0172333777907211,3,"{""batch_size"": 32, ""classifier_dropout"": 0.2, ""learning_rate"": 5e-05, ""loss_mode"": ""balanced"", ""num_train_epochs"": 5, ""weight_decay"": 0.0}",COMPLETE,mx,1
17,0.6578764292504097,2026-10-01 11:56:30.821295,2026-10-01 11:56:54.512176,0 days 00:00:23.690881,32,0.1,5e-05,standard,5,PYSENTIMIENTO,0.0,"[2, 2, 2]",0.0476117523535058,2,"{""batch_size"": 32, ""classifier_dropout"": 0.1, ""learning_rate"": 5e-05, ""loss_mode"": ""standard"", ""num_train_epochs"": 5, ""weight_decay"": 0.0}",COMPLETE,mx,1
18,0.6540212029884576,2026-10-01 11:56:54.739747,2026-10-01 11:57:26.187845,0 days 00:00:31.448098,32,0.2,2e-05,balanced,5,PYSENTIMIENTO,0.0,"[5, 2, 4]",0.0213806810103796,4,"{""batch_size"": 32, ""classifier_dropout"": 0.2, ""learning_rate"": 2e-05, ""loss_mode"": ""balanced"", ""num_train_epochs"": 5, ""weight_decay"": 0.0}",COMPLETE,mx,1
19,0.645527853623416,2026-10-01 11:57:26.428248,2026-10-01 11:57:55.844766,0 days 00:00:29.416518,32,0.2,3e-05,standard,5,PYSENTIMIENTO,0.0,"[2, 3, 5]",0.0430434501414872,3,"{""batch_size"": 32, ""classifier_dropout"": 0.2, ""learning_rate"": 3e-05, ""loss_mode"": ""standard"", ""num_train_epochs"": 5, ""weight_decay"": 0.0}",COMPLETE,mx,1
0,0.6334688139385717,2026-10-01 11:58:05.887278,2026-10-01 11:58:30.001123,0 days 00:00:24.113845,32,0.1,2e-05,balanced,5,PYSENTIMIENTO,0.01,"[3, 2, 1]",0.0292447092486449,2,,COMPLETE,mx,2
1,0.632684494826576,2026-10-01 11:58:30.228592,2026-10-01 11:58:56.863328,0 days 00:00:26.634736,32,0.3,2e-05,balanced,5,PYSENTIMIENTO,0.01,"[4, 2, 1]",0.029589764344337,2,,COMPLETE,mx,2
2,0.6436051032935232,2026-10-01 11:58:57.090130,2026-10-01 11:59:32.151767,0 days 00:00:35.061637,16,0.1,2e-05,balanced,3,PYSENTIMIENTO,0.05,"[2, 3, 3]",0.0281947411798109,3,,COMPLETE,mx,2
3,0.6072802235563367,2026-10-01 11:59:32.376511,2026-10-01 12:00:02.800043,0 days 00:00:30.423532,32,0.2,2e-05,standard,4,PYSENTIMIENTO,0.05,"[4, 3, 3]",0.006406354664452,3,,COMPLETE,mx,2
4,0.6402799088305821,2026-10-01 12:00:03.031760,2026-10-01 12:00:38.373580,0 days 00:00:35.341820,16,0.1,5e-05,standard,3,PYSENTIMIENTO,0.05,"[3, 3, 2]",0.0176285606073427,3,,COMPLETE,mx,2
5,0.6436051032935232,2026-10-01 12:00:38.618751,2026-10-01 12:00:38.720074,0 days 00:00:00.101323,16,0.1,2e-05,balanced,3,PYSENTIMIENTO,0.05,"[2, 3, 3]",0.0281947411798109,3,"{""batch_size"": 16, ""classifier_dropout"": 0.1, ""learning_rate"": 2e-05, ""loss_mode"": ""balanced"", ""num_train_epochs"": 3, ""weight_decay"": 0.05}",COMPLETE,mx,2
6,0.6452472334240554,2026-10-01 12:00:38.968785,2026-10-01 12:01:14.262913,0 days 00:00:35.294128,16,0.2,3e-05,balanced,4,PYSENTIMIENTO,0.05,"[2, 2, 2]",0.0243626191081231,2,"{""batch_size"": 16, ""classifier_dropout"": 0.2, ""learning_rate"": 3e-05, ""loss_mode"": ""balanced"", ""num_train_epochs"": 4, ""weight_decay"": 0.05}",COMPLETE,mx,2
7,0.6452472334240554,2026-10-01 12:01:14.486032,2026-10-01 12:01:14.586869,0 days 00:00:00.100837,16,0.2,3e-05,balanced,4,PYSENTIMIENTO,0.05,"[2, 2, 2]",0.0243626191081231,2,"{""batch_size"": 16, ""classifier_dropout"": 0.2, ""learning_rate"": 3e-05, ""loss_mode"": ""balanced"", ""num_train_epochs"": 4, ""weight_decay"": 0.05}",COMPLETE,mx,2
8,0.6470589166980704,2026-10-01 12:01:14.815298,2026-10-01 12:01:55.777218,0 days 00:00:40.961920,16,0.2,5e-05,standard,4,PYSENTIMIENTO,0.1,"[4, 4, 2]",0.0231098560048904,4,"{""batch_size"": 16, ""classifier_dropout"": 0.2, ""learning_rate"": 5e-05, ""loss_mode"": ""standard"", ""num_train_epochs"": 4, ""weight_decay"": 0.1}",COMPLETE,mx,2
9,0.6470589166980704,2026-10-01 12:01:56.021687,2026-10-01 12:01:56.111691,0 days 00:00:00.090004,16,0.2,5e-05,standard,4,PYSENTIMIENTO,0.1,"[4, 4, 2]",0.0231098560048904,4,"{""batch_size"": 16, ""classifier_dropout"": 0.2, ""learning_rate"": 5e-05, ""loss_mode"": ""standard"", ""num_train_epochs"": 4, ""weight_decay"": 0.1}",COMPLETE,mx,2
10,0.6448512556229523,2026-10-01 12:01:56.340535,2026-10-01 12:02:43.961837,0 days 00:00:47.621302,16,0.3,4e-05,standard,5,PYSENTIMIENTO,0.1,"[5, 3, 3]",0.0203836440898726,3,"{""batch_size"": 16, ""classifier_dropout"": 0.3, ""learning_rate"": 4e-05, ""loss_mode"": ""standard"", ""num_train_epochs"": 5, ""weight_decay"": 0.1}",COMPLETE,mx,2
11,0.6470589166980704,2026-10-01 12:02:44.194029,2026-10-01 12:02:44.293653,0 days 00:00:00.099624,16,0.2,5e-05,standard,4,PYSENTIMIENTO,0.1,"[4, 4, 2]",0.0231098560048904,4,"{""batch_size"": 16, ""classifier_dropout"": 0.2, ""learning_rate"": 5e-05, ""loss_mode"": ""standard"", ""num_train_epochs"": 4, ""weight_decay"": 0.1}",COMPLETE,mx,2
12,0.6448815940006901,2026-10-01 12:02:44.543688,2026-10-01 12:03:25.547209,0 days 00:00:41.003521,16,0.3,5e-05,standard,4,PYSENTIMIENTO,0.0,"[4, 3, 2]",0.0166529765608117,3,"{""batch_size"": 16, ""classifier_dropout"": 0.3, ""learning_rate"": 5e-05, ""loss_mode"": ""standard"", ""num_train_epochs"": 4, ""weight_decay"": 0.0}",COMPLETE,mx,2
13,0.6372149109076412,2026-10-01 12:03:25.797704,2026-10-01 12:04:10.757852,0 days 00:00:44.960148,16,0.2,3e-05,standard,5,PYSENTIMIENTO,0.1,"[5, 3, 2]",0.0250810834056618,3,"{""batch_size"": 16, ""classifier_dropout"": 0.2, ""learning_rate"": 3e-05, ""loss_mode"": ""standard"", ""num_train_epochs"": 5, ""weight_decay"": 0.1}",COMPLETE,mx,2
14,0.654444232467668,2026-10-01 12:04:10.996090,2026-10-01 12:04:33.673458,0 days 00:00:22.677368,32,0.2,5e-05,balanced,4,PYSENTIMIENTO,0.01,"[2, 2, 1]",0.0150410621189543,2,"{""batch_size"": 32, ""classifier_dropout"": 0.2, ""learning_rate"": 5e-05, ""loss_mode"": ""balanced"", ""num_train_epochs"": 4, ""weight_decay"": 0.01}",COMPLETE,mx,2
15,0.6478010651020129,2026-10-01 12:04:33.897881,2026-10-01 12:04:56.505138,0 days 00:00:22.607257,32,0.3,5e-05,balanced,4,PYSENTIMIENTO,0.01,"[2, 2, 1]",0.0209050230386585,2,"{""batch_size"": 32, ""classifier_dropout"": 0.3, ""learning_rate"": 5e-05, ""loss_mode"": ""balanced"", ""num_train_epochs"": 4, ""weight_decay"": 0.01}",COMPLETE,mx,2
16,0.654444232467668,2026-10-01 12:04:56.731039,2026-10-01 12:04:56.832938,0 days 00:00:00.101899,32,0.2,5e-05,balanced,4,PYSENTIMIENTO,0.01,"[2, 2, 1]",0.0150410621189543,2,"{""batch_size"": 32, ""classifier_dropout"": 0.2, ""learning_rate"": 5e-05, ""loss_mode"": ""balanced"", ""num_train_epochs"": 4, ""weight_decay"": 0.01}",COMPLETE,mx,2
17,0.6530927519430013,2026-10-01 12:04:57.090350,2026-10-01 12:05:19.339336,0 days 00:00:22.248986,32,0.2,5e-05,balanced,3,PYSENTIMIENTO,0.01,"[3, 3, 1]",0.0255838259291829,3,"{""batch_size"": 32, ""classifier_dropout"": 0.2, ""learning_rate"": 5e-05, ""loss_mode"": ""balanced"", ""num_train_epochs"": 3, ""weight_decay"": 0.01}",COMPLETE,mx,2
18,0.6501507102473907,2026-10-01 12:05:19.576876,2026-10-01 12:05:41.925398,0 days 00:00:22.348522,32,0.2,5e-05,balanced,4,PYSENTIMIENTO,0.0,"[2, 2, 1]",0.0182808010574103,2,"{""batch_size"": 32, ""classifier_dropout"": 0.2, ""learning_rate"": 5e-05, ""loss_mode"": ""balanced"", ""num_train_epochs"": 4, ""weight_decay"": 0.0}",COMPLETE,mx,2
19,0.6527480736281293,2026-10-01 12:05:42.181588,2026-10-01 12:06:14.390653,0 days 00:00:32.209065,16,0.2,5e-05,balanced,5,PYSENTIMIENTO,0.01,"[2, 2, 1]",0.0198449368624253,2,"{""batch_size"": 16, ""classifier_dropout"": 0.2, ""learning_rate"": 5e-05, ""loss_mode"": ""balanced"", ""num_train_epochs"": 5, ""weight_decay"": 0.01}",COMPLETE,mx,2
0,0.6561018446263529,2026-10-01 12:06:22.245946,2026-10-01 12:06:48.241170,0 days 00:00:25.995224,32,0.2,2e-05,balanced,4,PYSENTIMIENTO,0.1,"[4, 4, 1]",0.0303336684876952,4,,COMPLETE,mx,3
1,0.6794047343897177,2026-10-01 12:06:48.471602,2026-10-01 12:07:16.501315,0 days 00:00:28.029713,32,0.2,4e-05,balanced,5,PYSENTIMIENTO,0.01,"[2, 3, 3]",0.0133796300399098,3,,COMPLETE,mx,3
2,0.6775869165325874,2026-10-01 12:07:16.742265,2026-10-01 12:07:48.576752,0 days 00:00:31.834487,16,0.2,3e-05,balanced,3,PYSENTIMIENTO,0.0,"[2, 1, 3]",0.0036054575859518,2,,COMPLETE,mx,3
3,0.6653037348244664,2026-10-01 12:07:48.808187,2026-10-01 12:08:24.079278,0 days 00:00:35.271091,16,0.3,4e-05,standard,3,PYSENTIMIENTO,0.01,"[2, 3, 3]",0.0166216824902617,3,,COMPLETE,mx,3
4,0.6786204224019827,2026-10-01 12:08:24.302340,2026-10-01 12:09:02.794120,0 days 00:00:38.491780,16,0.3,2e-05,balanced,4,PYSENTIMIENTO,0.1,"[2, 2, 4]",0.0046212541266722,2,,COMPLETE,mx,3
5,0.6695040380395275,2026-10-01 12:09:03.051479,2026-10-01 12:09:35.781235,0 days 00:00:32.729756,32,0.2,4e-05,standard,5,PYSENTIMIENTO,0.01,"[4, 3, 3]",0.0111499879410301,3,"{""batch_size"": 32, ""classifier_dropout"": 0.2, ""learning_rate"": 4e-05, ""loss_mode"": ""standard"", ""num_train_epochs"": 5, ""weight_decay"": 0.01}",COMPLETE,mx,3
6,0.675952201442828,2026-10-01 12:09:36.000467,2026-10-01 12:10:04.661047,0 days 00:00:28.660580,32,0.1,4e-05,balanced,5,PYSENTIMIENTO,0.01,"[2, 3, 3]",0.0123460043476824,3,"{""batch_size"": 32, ""classifier_dropout"": 0.1, ""learning_rate"": 4e-05, ""loss_mode"": ""balanced"", ""num_train_epochs"": 5, ""weight_decay"": 0.01}",COMPLETE,mx,3
7,0.6730010561853476,2026-10-01 12:10:04.909897,2026-10-01 12:10:33.845193,0 days 00:00:28.935296,32,0.2,3e-05,balanced,5,PYSENTIMIENTO,0.01,"[4, 2, 2]",0.0123557450616456,2,"{""batch_size"": 32, ""classifier_dropout"": 0.2, ""learning_rate"": 3e-05, ""loss_mode"": ""balanced"", ""num_train_epochs"": 5, ""weight_decay"": 0.01}",COMPLETE,mx,3
8,0.6741849095308069,2026-10-01 12:10:34.113375,2026-10-01 12:11:05.890763,0 days 00:00:31.777388,16,0.2,4e-05,balanced,5,PYSENTIMIENTO,0.05,"[2, 2, 1]",0.0208438086531086,2,"{""batch_size"": 16, ""classifier_dropout"": 0.2, ""learning_rate"": 4e-05, ""loss_mode"": ""balanced"", ""num_train_epochs"": 5, ""weight_decay"": 0.05}",COMPLETE,mx,3
9,0.6796468689914875,2026-10-01 12:11:06.143049,2026-10-01 12:11:32.269240,0 days 00:00:26.126191,32,0.3,4e-05,balanced,4,PYSENTIMIENTO,0.0,"[4, 2, 2]",0.0075946783452478,2,"{""batch_size"": 32, ""classifier_dropout"": 0.3, ""learning_rate"": 4e-05, ""loss_mode"": ""balanced"", ""num_train_epochs"": 4, ""weight_decay"": 0.0}",COMPLETE,mx,3
10,0.6674932751050204,2026-10-01 12:11:32.491817,2026-10-01 12:12:02.418683,0 days 00:00:29.926866,32,0.3,4e-05,standard,4,PYSENTIMIENTO,0.0,"[4, 3, 3]",0.0112434712875113,3,"{""batch_size"": 32, ""classifier_dropout"": 0.3, ""learning_rate"": 4e-05, ""loss_mode"": ""standard"", ""num_train_epochs"": 4, ""weight_decay"": 0.0}",COMPLETE,mx,3
11,0.6782158790177165,2026-10-01 12:12:02.645066,2026-10-01 12:12:32.448288,0 days 00:00:29.803222,32,0.3,4e-05,balanced,5,PYSENTIMIENTO,0.0,"[4, 2, 3]",0.0098067745910786,3,"{""batch_size"": 32, ""classifier_dropout"": 0.3, ""learning_rate"": 4e-05, ""loss_mode"": ""balanced"", ""num_train_epochs"": 5, ""weight_decay"": 0.0}",COMPLETE,mx,3
12,0.6650097763947938,2026-10-01 12:12:32.678109,2026-10-01 12:12:59.250102,0 days 00:00:26.571993,32,0.3,3e-05,balanced,4,PYSENTIMIENTO,0.0,"[3, 3, 1]",0.019345954831345,3,"{""batch_size"": 32, ""classifier_dropout"": 0.3, ""learning_rate"": 3e-05, ""loss_mode"": ""balanced"", ""num_train_epochs"": 4, ""weight_decay"": 0.0}",COMPLETE,mx,3
13,0.6790866330017309,2026-10-01 12:12:59.470864,2026-10-01 12:13:28.518447,0 days 00:00:29.047583,32,0.3,4e-05,balanced,4,PYSENTIMIENTO,0.01,"[4, 3, 2]",0.0084641485463811,3,"{""batch_size"": 32, ""classifier_dropout"": 0.3, ""learning_rate"": 4e-05, ""loss_mode"": ""balanced"", ""num_train_epochs"": 4, ""weight_decay"": 0.01}",COMPLETE,mx,3
14,0.6740472020185946,2026-10-01 12:13:28.765700,2026-10-01 12:13:57.354421,0 days 00:00:28.588721,32,0.1,4e-05,balanced,4,PYSENTIMIENTO,0.0,"[3, 2, 3]",0.0106197449170533,3,"{""batch_size"": 32, ""classifier_dropout"": 0.1, ""learning_rate"": 4e-05, ""loss_mode"": ""balanced"", ""num_train_epochs"": 4, ""weight_decay"": 0.0}",COMPLETE,mx,3
15,0.6736335439978522,2026-10-01 12:13:57.575288,2026-10-01 12:14:22.305886,0 days 00:00:24.730598,32,0.2,4e-05,balanced,3,PYSENTIMIENTO,0.01,"[3, 3, 3]",0.0096222241662831,3,"{""batch_size"": 32, ""classifier_dropout"": 0.2, ""learning_rate"": 4e-05, ""loss_mode"": ""balanced"", ""num_train_epochs"": 3, ""weight_decay"": 0.01}",COMPLETE,mx,3
16,0.6762149086368326,2026-10-01 12:14:22.556437,2026-10-01 12:14:45.238947,0 days 00:00:22.682510,32,0.3,5e-05,balanced,3,PYSENTIMIENTO,0.05,"[3, 1, 2]",0.0055716555665269,2,"{""batch_size"": 32, ""classifier_dropout"": 0.3, ""learning_rate"": 5e-05, ""loss_mode"": ""balanced"", ""num_train_epochs"": 3, ""weight_decay"": 0.05}",COMPLETE,mx,3
17,0.6732369022561082,2026-10-01 12:14:45.503307,2026-10-01 12:15:14.341998,0 days 00:00:28.838691,16,0.2,5e-05,balanced,4,PYSENTIMIENTO,0.01,"[2, 1, 1]",0.0142671950199138,1,"{""batch_size"": 16, ""classifier_dropout"": 0.2, ""learning_rate"": 5e-05, ""loss_mode"": ""balanced"", ""num_train_epochs"": 4, ""weight_decay"": 0.01}",COMPLETE,mx,3
18,0.6581082427528459,2026-10-01 12:15:14.573798,2026-10-01 12:15:42.909594,0 days 00:00:28.335796,32,0.2,2e-05,balanced,5,PYSENTIMIENTO,0.05,"[5, 3, 1]",0.0296205741301177,3,"{""batch_size"": 32, ""classifier_dropout"": 0.2, ""learning_rate"": 2e-05, ""loss_mode"": ""balanced"", ""num_train_epochs"": 5, ""weight_decay"": 0.05}",COMPLETE,mx,3
19,0.6442503691525222,2026-10-01 12:15:43.149662,2026-10-01 12:16:07.121650,0 days 00:00:23.971988,32,0.3,2e-05,balanced,3,PYSENTIMIENTO,0.0,"[2, 3, 3]",0.0132416706990555,3,"{""batch_size"": 32, ""classifier_dropout"": 0.3, ""learning_rate"": 2e-05, ""loss_mode"": ""balanced"", ""num_train_epochs"": 3, ""weight_decay"": 0.0}",COMPLETE,mx,3
0,0.6491307369074438,2026-10-01 12:16:14.935301,2026-10-01 12:16:51.448121,0 days 00:00:36.512820,32,0.3,2e-05,balanced,5,PYSENTIMIENTO,0.01,"[5, 4, 4]",0.0222081196767824,4,,COMPLETE,mx,4
1,0.6298727473220289,2026-10-01 12:16:51.680168,2026-10-01 12:17:21.977447,0 days 00:00:30.297279,32,0.1,3e-05,standard,4,PYSENTIMIENTO,0.05,"[4, 3, 4]",0.0216245393481741,4,,COMPLETE,mx,4
2,0.6412291880455879,2026-10-01 12:17:22.218188,2026-10-01 12:17:50.223760,0 days 00:00:28.005572,32,0.1,5e-05,standard,4,PYSENTIMIENTO,0.0,"[4, 3, 2]",0.0158105312819592,3,,COMPLETE,mx,4
3,0.6498769167630215,2026-10-01 12:17:50.465564,2026-10-01 12:18:16.566733,0 days 00:00:26.101169,32,0.1,4e-05,balanced,4,PYSENTIMIENTO,0.1,"[4, 2, 2]",0.0202295898079098,2,,COMPLETE,mx,4
4,0.6215462961809571,2026-10-01 12:18:16.809098,2026-10-01 12:18:51.464965,0 days 00:00:34.655867,16,0.2,3e-05,standard,3,PYSENTIMIENTO,0.01,"[3, 2, 3]",0.0169093582960203,3,,COMPLETE,mx,4
5,0.6498769167630215,2026-10-01 12:18:51.685930,2026-10-01 12:18:51.787089,0 days 00:00:00.101159,32,0.1,4e-05,balanced,4,PYSENTIMIENTO,0.1,"[4, 2, 2]",0.0202295898079098,2,"{""batch_size"": 32, ""classifier_dropout"": 0.1, ""learning_rate"": 4e-05, ""loss_mode"": ""balanced"", ""num_train_epochs"": 4, ""weight_decay"": 0.1}",COMPLETE,mx,4
6,0.6111829539974077,2026-10-01 12:18:52.042212,2026-10-01 12:19:16.873700,0 days 00:00:24.831488,32,0.3,4e-05,standard,3,PYSENTIMIENTO,0.1,"[3, 3, 3]",0.0247039947270193,3,"{""batch_size"": 32, ""classifier_dropout"": 0.3, ""learning_rate"": 4e-05, ""loss_mode"": ""standard"", ""num_train_epochs"": 3, ""weight_decay"": 0.1}",COMPLETE,mx,4
7,0.6453670944467341,2026-10-01 12:19:17.127577,2026-10-01 12:19:55.359109,0 days 00:00:38.231532,16,0.2,4e-05,balanced,4,PYSENTIMIENTO,0.0,"[3, 1, 3]",0.0118512749025647,3,"{""batch_size"": 16, ""classifier_dropout"": 0.2, ""learning_rate"": 4e-05, ""loss_mode"": ""balanced"", ""num_train_epochs"": 4, ""weight_decay"": 0.0}",COMPLETE,mx,4
8,0.6530802466926481,2026-10-01 12:19:55.592661,2026-10-01 12:20:24.689684,0 days 00:00:29.097023,16,0.1,5e-05,balanced,3,PYSENTIMIENTO,0.1,"[3, 1, 1]",0.008149529688306,1,"{""batch_size"": 16, ""classifier_dropout"": 0.1, ""learning_rate"": 5e-05, ""loss_mode"": ""balanced"", ""num_train_epochs"": 3, ""weight_decay"": 0.1}",COMPLETE,mx,4
9,0.654470468019488,2026-10-01 12:20:24.914386,2026-10-01 12:21:00.586525,0 days 00:00:35.672139,16,0.2,5e-05,balanced,3,PYSENTIMIENTO,0.1,"[3, 1, 3]",0.0062322267181447,3,"{""batch_size"": 16, ""classifier_dropout"": 0.2, ""learning_rate"": 5e-05, ""loss_mode"": ""balanced"", ""num_train_epochs"": 3, ""weight_decay"": 0.1}",COMPLETE,mx,4
10,0.6503357163366067,2026-10-01 12:21:00.818859,2026-10-01 12:21:25.671741,0 days 00:00:24.852882,32,0.2,5e-05,balanced,3,PYSENTIMIENTO,0.1,"[3, 2, 2]",0.0142149565874942,2,"{""batch_size"": 32, ""classifier_dropout"": 0.2, ""learning_rate"": 5e-05, ""loss_mode"": ""balanced"", ""num_train_epochs"": 3, ""weight_decay"": 0.1}",COMPLETE,mx,4
11,0.6530802466926481,2026-10-01 12:21:25.900807,2026-10-01 12:21:26.000296,0 days 00:00:00.099489,16,0.1,5e-05,balanced,3,PYSENTIMIENTO,0.1,"[3, 1, 1]",0.008149529688306,1,"{""batch_size"": 16, ""classifier_dropout"": 0.1, ""learning_rate"": 5e-05, ""loss_mode"": ""balanced"", ""num_train_epochs"": 3, ""weight_decay"": 0.1}",COMPLETE,mx,4
12,0.6465563924307605,2026-10-01 12:21:26.260805,2026-10-01 12:21:58.605558,0 days 00:00:32.344753,16,0.2,5e-05,balanced,3,PYSENTIMIENTO,0.05,"[3, 1, 3]",0.0056498999011641,3,"{""batch_size"": 16, ""classifier_dropout"": 0.2, ""learning_rate"": 5e-05, ""loss_mode"": ""balanced"", ""num_train_epochs"": 3, ""weight_decay"": 0.05}",COMPLETE,mx,4
13,0.6515792931153573,2026-10-01 12:21:58.829259,2026-10-01 12:22:34.399974,0 days 00:00:35.570715,16,0.2,2e-05,balanced,3,PYSENTIMIENTO,0.1,"[3, 3, 3]",0.0224563341064928,3,"{""batch_size"": 16, ""classifier_dropout"": 0.2, ""learning_rate"": 2e-05, ""loss_mode"": ""balanced"", ""num_train_epochs"": 3, ""weight_decay"": 0.1}",COMPLETE,mx,4
14,0.6455634357108692,2026-10-01 12:22:34.650241,2026-10-01 12:23:06.533157,0 days 00:00:31.882916,16,0.2,5e-05,balanced,4,PYSENTIMIENTO,0.1,"[3, 1, 1]",0.0086869300177752,1,"{""batch_size"": 16, ""classifier_dropout"": 0.2, ""learning_rate"": 5e-05, ""loss_mode"": ""balanced"", ""num_train_epochs"": 4, ""weight_decay"": 0.1}",COMPLETE,mx,4
15,0.650589271359639,2026-10-01 12:23:06.791662,2026-10-01 12:23:38.478044,0 days 00:00:31.686382,16,0.1,5e-05,balanced,5,PYSENTIMIENTO,0.01,"[3, 1, 1]",0.0185098416045834,1,"{""batch_size"": 16, ""classifier_dropout"": 0.1, ""learning_rate"": 5e-05, ""loss_mode"": ""balanced"", ""num_train_epochs"": 5, ""weight_decay"": 0.01}",COMPLETE,mx,4
16,0.6522449621002525,2026-10-01 12:23:38.701514,2026-10-01 12:24:13.617750,0 days 00:00:34.916236,16,0.3,3e-05,balanced,3,PYSENTIMIENTO,0.0,"[3, 3, 3]",0.0221835389499865,3,"{""batch_size"": 16, ""classifier_dropout"": 0.3, ""learning_rate"": 3e-05, ""loss_mode"": ""balanced"", ""num_train_epochs"": 3, ""weight_decay"": 0.0}",COMPLETE,mx,4
17,0.6441642615363906,2026-10-01 12:24:13.837374,2026-10-01 12:24:49.307662,0 days 00:00:35.470288,16,0.2,5e-05,standard,3,PYSENTIMIENTO,0.1,"[2, 2, 3]",0.0169062588423257,2,"{""batch_size"": 16, ""classifier_dropout"": 0.2, ""learning_rate"": 5e-05, ""loss_mode"": ""standard"", ""num_train_epochs"": 3, ""weight_decay"": 0.1}",COMPLETE,mx,4
18,0.6451274956700654,2026-10-01 12:24:49.556966,2026-10-01 12:25:30.951989,0 days 00:00:41.395023,16,0.1,3e-05,balanced,5,PYSENTIMIENTO,0.1,"[3, 2, 3]",0.0159133767793929,3,"{""batch_size"": 16, ""classifier_dropout"": 0.1, ""learning_rate"": 3e-05, ""loss_mode"": ""balanced"", ""num_train_epochs"": 5, ""weight_decay"": 0.1}",COMPLETE,mx,4
19,0.6345186712382861,2026-10-01 12:25:31.205971,2026-10-01 12:26:02.895275,0 days 00:00:31.689304,16,0.1,5e-05,standard,3,PYSENTIMIENTO,0.05,"[1, 3, 3]",0.0085874163053443,3,"{""batch_size"": 16, ""classifier_dropout"": 0.1, ""learning_rate"": 5e-05, ""loss_mode"": ""standard"", ""num_train_epochs"": 3, ""weight_decay"": 0.05}",COMPLETE,mx,4
0,0.6520482440342745,2026-10-01 12:26:18.512442,2026-10-01 12:26:48.877827,0 days 00:00:30.365385,32,0.3,3e-05,balanced,5,PYSENTIMIENTO,0.01,"[3, 4, 2]",0.0271651273994893,3,,COMPLETE,mx,5
1,0.6470857346197753,2026-10-01 12:26:49.114675,2026-10-01 12:27:24.040732,0 days 00:00:34.926057,16,0.3,4e-05,standard,3,PYSENTIMIENTO,0.0,"[3, 3, 2]",0.0322239880488839,3,,COMPLETE,mx,5
2,0.6510222509456758,2026-10-01 12:27:24.268825,2026-10-01 12:27:59.637208,0 days 00:00:35.368383,16,0.3,2e-05,balanced,4,PYSENTIMIENTO,0.05,"[2, 3, 1]",0.024092311444362,2,,COMPLETE,mx,5
3,0.6388445150236449,2026-10-01 12:27:59.877861,2026-10-01 12:28:33.567628,0 days 00:00:33.689767,32,0.2,3e-05,standard,5,PYSENTIMIENTO,0.01,"[4, 4, 3]",0.0258595824970585,4,,COMPLETE,mx,5
4,0.6520482440342745,2026-10-01 12:28:33.797462,2026-10-01 12:28:33.892250,0 days 00:00:00.094788,32,0.3,3e-05,balanced,5,PYSENTIMIENTO,0.01,"[3, 4, 2]",0.0271651273994893,3,,COMPLETE,mx,5
5,0.6446903616332545,2026-10-01 12:28:34.118394,2026-10-01 12:28:57.336027,0 days 00:00:23.217633,32,0.2,3e-05,balanced,3,PYSENTIMIENTO,0.1,"[3, 3, 3]",0.0132358427916996,3,"{""batch_size"": 32, ""classifier_dropout"": 0.2, ""learning_rate"": 3e-05, ""loss_mode"": ""balanced"", ""num_train_epochs"": 3, ""weight_decay"": 0.1}",COMPLETE,mx,5
6,0.6636707337504767,2026-10-01 12:28:57.552490,2026-10-01 12:29:28.246310,0 days 00:00:30.693820,16,0.1,4e-05,balanced,5,PYSENTIMIENTO,0.1,"[1, 1, 3]",0.013433940478175,1,"{""batch_size"": 16, ""classifier_dropout"": 0.1, ""learning_rate"": 4e-05, ""loss_mode"": ""balanced"", ""num_train_epochs"": 5, ""weight_decay"": 0.1}",COMPLETE,mx,5
7,0.6636707337504767,2026-10-01 12:29:28.467938,2026-10-01 12:29:28.574127,0 days 00:00:00.106189,16,0.1,4e-05,balanced,5,PYSENTIMIENTO,0.1,"[1, 1, 3]",0.013433940478175,1,"{""batch_size"": 16, ""classifier_dropout"": 0.1, ""learning_rate"": 4e-05, ""loss_mode"": ""balanced"", ""num_train_epochs"": 5, ""weight_decay"": 0.1}",COMPLETE,mx,5
8,0.663774136565838,2026-10-01 12:29:28.791325,2026-10-01 12:29:56.447794,0 days 00:00:27.656469,16,0.1,5e-05,balanced,3,PYSENTIMIENTO,0.01,"[1, 1, 3]",0.0161974792775956,1,"{""batch_size"": 16, ""classifier_dropout"": 0.1, ""learning_rate"": 5e-05, ""loss_mode"": ""balanced"", ""num_train_epochs"": 3, ""weight_decay"": 0.01}",COMPLETE,mx,5
9,0.6671938277016518,2026-10-01 12:29:56.689608,2026-10-01 12:30:24.121447,0 days 00:00:27.431839,16,0.2,5e-05,balanced,3,PYSENTIMIENTO,0.01,"[1, 1, 3]",0.0122715814374854,1,"{""batch_size"": 16, ""classifier_dropout"": 0.2, ""learning_rate"": 5e-05, ""loss_mode"": ""balanced"", ""num_train_epochs"": 3, ""weight_decay"": 0.01}",COMPLETE,mx,5
10,0.6643031522753331,2026-10-01 12:30:24.351927,2026-10-01 12:30:51.907666,0 days 00:00:27.555739,16,0.2,5e-05,balanced,3,PYSENTIMIENTO,0.05,"[1, 1, 3]",0.0140732948859125,1,"{""batch_size"": 16, ""classifier_dropout"": 0.2, ""learning_rate"": 5e-05, ""loss_mode"": ""balanced"", ""num_train_epochs"": 3, ""weight_decay"": 0.05}",COMPLETE,mx,5
11,0.6595523682755536,2026-10-01 12:30:52.145727,2026-10-01 12:31:25.663434,0 days 00:00:33.517707,16,0.2,5e-05,standard,3,PYSENTIMIENTO,0.05,"[3, 2, 2]",0.0251309929545153,2,"{""batch_size"": 16, ""classifier_dropout"": 0.2, ""learning_rate"": 5e-05, ""loss_mode"": ""standard"", ""num_train_epochs"": 3, ""weight_decay"": 0.05}",COMPLETE,mx,5
12,0.6651313973824026,2026-10-01 12:31:25.903016,2026-10-01 12:31:53.559542,0 days 00:00:27.656526,16,0.2,5e-05,balanced,3,PYSENTIMIENTO,0.1,"[1, 1, 3]",0.0166466132920818,1,"{""batch_size"": 16, ""classifier_dropout"": 0.2, ""learning_rate"": 5e-05, ""loss_mode"": ""balanced"", ""num_train_epochs"": 3, ""weight_decay"": 0.1}",COMPLETE,mx,5
13,0.6593179657015057,2026-10-01 12:31:53.797232,2026-10-01 12:32:27.561514,0 days 00:00:33.764282,16,0.2,5e-05,balanced,4,PYSENTIMIENTO,0.01,"[1, 2, 3]",0.0198566269034441,2,"{""batch_size"": 16, ""classifier_dropout"": 0.2, ""learning_rate"": 5e-05, ""loss_mode"": ""balanced"", ""num_train_epochs"": 4, ""weight_decay"": 0.01}",COMPLETE,mx,5
14,0.6563496274112636,2026-10-01 12:32:27.787845,2026-10-01 12:32:54.810620,0 days 00:00:27.022775,16,0.3,5e-05,balanced,3,PYSENTIMIENTO,0.1,"[1, 1, 3]",0.0161568178138732,1,"{""batch_size"": 16, ""classifier_dropout"": 0.3, ""learning_rate"": 5e-05, ""loss_mode"": ""balanced"", ""num_train_epochs"": 3, ""weight_decay"": 0.1}",COMPLETE,mx,5
15,0.650279525827408,2026-10-01 12:32:55.032977,2026-10-01 12:33:25.460165,0 days 00:00:30.427188,16,0.2,2e-05,balanced,3,PYSENTIMIENTO,0.1,"[3, 2, 1]",0.0177507498246772,2,"{""batch_size"": 16, ""classifier_dropout"": 0.2, ""learning_rate"": 2e-05, ""loss_mode"": ""balanced"", ""num_train_epochs"": 3, ""weight_decay"": 0.1}",COMPLETE,mx,5
16,0.6559078104843962,2026-10-01 12:33:25.730449,2026-10-01 12:33:49.774545,0 days 00:00:24.044096,32,0.2,5e-05,balanced,3,PYSENTIMIENTO,0.01,"[3, 2, 3]",0.022430051113538,3,"{""batch_size"": 32, ""classifier_dropout"": 0.2, ""learning_rate"": 5e-05, ""loss_mode"": ""balanced"", ""num_train_epochs"": 3, ""weight_decay"": 0.01}",COMPLETE,mx,5
17,0.6591239307980817,2026-10-01 12:33:50.047766,2026-10-01 12:34:26.375128,0 days 00:00:36.327362,16,0.2,5e-05,balanced,5,PYSENTIMIENTO,0.1,"[1, 2, 4]",0.0080643089839625,2,"{""batch_size"": 16, ""classifier_dropout"": 0.2, ""learning_rate"": 5e-05, ""loss_mode"": ""balanced"", ""num_train_epochs"": 5, ""weight_decay"": 0.1}",COMPLETE,mx,5
18,0.6557757052371763,2026-10-01 12:34:26.607503,2026-10-01 12:34:59.796796,0 days 00:00:33.189293,16,0.2,3e-05,balanced,3,PYSENTIMIENTO,0.01,"[3, 3, 3]",0.0252724021547358,3,"{""batch_size"": 16, ""classifier_dropout"": 0.2, ""learning_rate"": 3e-05, ""loss_mode"": ""balanced"", ""num_train_epochs"": 3, ""weight_decay"": 0.01}",COMPLETE,mx,5
19,0.6386513518298057,2026-10-01 12:35:00.014725,2026-10-01 12:35:33.544542,0 days 00:00:33.529817,16,0.1,3e-05,standard,3,PYSENTIMIENTO,0.1,"[3, 3, 2]",0.0275320593018138,3,"{""batch_size"": 16, ""classifier_dropout"": 0.1, ""learning_rate"": 3e-05, ""loss_mode"": ""standard"", ""num_train_epochs"": 3, ""weight_decay"": 0.1}",COMPLETE,mx,5
0,0.7026817595810186,2026-10-01 12:35:41.318393,2026-10-01 12:36:04.575705,0 days 00:00:23.257312,32,0.2,3e-05,balanced,3,PYSENTIMIENTO,0.05,"[2, 3, 2]",0.0175534118436662,2,,COMPLETE,es,1
1,0.7332850129383752,2026-10-01 12:36:04.837451,2026-10-01 12:36:31.810967,0 days 00:00:26.973516,32,0.2,5e-05,standard,4,PYSENTIMIENTO,0.0,"[2, 3, 3]",0.0183759823980703,3,,COMPLETE,es,1
2,0.7005384014652476,2026-10-01 12:36:32.027374,2026-10-01 12:37:05.224528,0 days 00:00:33.197154,16,0.2,2e-05,standard,3,PYSENTIMIENTO,0.01,"[3, 3, 3]",0.0101376125614776,3,,COMPLETE,es,1
3,0.7352863065902578,2026-10-01 12:37:05.442217,2026-10-01 12:37:53.887365,0 days 00:00:48.445148,16,0.2,2e-05,standard,5,PYSENTIMIENTO,0.01,"[4, 3, 5]",0.0048148573844917,4,,COMPLETE,es,1
4,0.699545085738776,2026-10-01 12:37:54.115047,2026-10-01 12:38:28.202214,0 days 00:00:34.087167,16,0.3,2e-05,standard,3,PYSENTIMIENTO,0.01,"[3, 3, 3]",0.00584663590299,3,,COMPLETE,es,1
5,0.7378174988071012,2026-10-01 12:38:28.432919,2026-10-01 12:39:16.688136,0 days 00:00:48.255217,16,0.2,4e-05,balanced,5,PYSENTIMIENTO,0.01,"[2, 5, 5]",0.0120121330838478,5,"{""batch_size"": 16, ""classifier_dropout"": 0.2, ""learning_rate"": 4e-05, ""loss_mode"": ""balanced"", ""num_train_epochs"": 5, ""weight_decay"": 0.01}",COMPLETE,es,1
6,0.7378174988071012,2026-10-01 12:39:16.918147,2026-10-01 12:39:17.030273,0 days 00:00:00.112126,16,0.2,4e-05,balanced,5,PYSENTIMIENTO,0.01,"[2, 5, 5]",0.0120121330838478,5,"{""batch_size"": 16, ""classifier_dropout"": 0.2, ""learning_rate"": 4e-05, ""loss_mode"": ""balanced"", ""num_train_epochs"": 5, ""weight_decay"": 0.01}",COMPLETE,es,1
7,0.7346281392451637,2026-10-01 12:39:17.288191,2026-10-01 12:39:59.959308,0 days 00:00:42.671117,16,0.1,4e-05,balanced,4,PYSENTIMIENTO,0.05,"[2, 3, 4]",0.0123236674390283,3,"{""batch_size"": 16, ""classifier_dropout"": 0.1, ""learning_rate"": 4e-05, ""loss_mode"": ""balanced"", ""num_train_epochs"": 4, ""weight_decay"": 0.05}",COMPLETE,es,1
8,0.7202901691515168,2026-10-01 12:40:00.185002,2026-10-01 12:40:33.691734,0 days 00:00:33.506732,32,0.3,3e-05,balanced,5,PYSENTIMIENTO,0.01,"[4, 5, 2]",0.0235480428195949,4,"{""batch_size"": 32, ""classifier_dropout"": 0.3, ""learning_rate"": 3e-05, ""loss_mode"": ""balanced"", ""num_train_epochs"": 5, ""weight_decay"": 0.01}",COMPLETE,es,1
9,0.7096416896321392,2026-10-01 12:40:33.926363,2026-10-01 12:41:09.343535,0 days 00:00:35.417172,16,0.2,5e-05,balanced,5,PYSENTIMIENTO,0.05,"[2, 1, 3]",0.0225618694757549,2,"{""batch_size"": 16, ""classifier_dropout"": 0.2, ""learning_rate"": 5e-05, ""loss_mode"": ""balanced"", ""num_train_epochs"": 5, ""weight_decay"": 0.05}",COMPLETE,es,1
10,0.7090451179004558,2026-10-01 12:41:09.570991,2026-10-01 12:41:48.783044,0 days 00:00:39.212053,16,0.2,2e-05,balanced,4,PYSENTIMIENTO,0.1,"[3, 2, 2]",0.0127541968042326,2,"{""batch_size"": 16, ""classifier_dropout"": 0.2, ""learning_rate"": 2e-05, ""loss_mode"": ""balanced"", ""num_train_epochs"": 4, ""weight_decay"": 0.1}",COMPLETE,es,1
11,0.7378174988071012,2026-10-01 12:41:49.031702,2026-10-01 12:41:49.133311,0 days 00:00:00.101609,16,0.2,4e-05,balanced,5,PYSENTIMIENTO,0.01,"[2, 5, 5]",0.0120121330838478,5,"{""batch_size"": 16, ""classifier_dropout"": 0.2, ""learning_rate"": 4e-05, ""loss_mode"": ""balanced"", ""num_train_epochs"": 5, ""weight_decay"": 0.01}",COMPLETE,es,1
12,0.7069583765017455,2026-10-01 12:41:49.373091,2026-10-01 12:42:31.950506,0 days 00:00:42.577415,16,0.3,4e-05,balanced,5,PYSENTIMIENTO,0.1,"[3, 1, 4]",0.0418161290950493,3,"{""batch_size"": 16, ""classifier_dropout"": 0.3, ""learning_rate"": 4e-05, ""loss_mode"": ""balanced"", ""num_train_epochs"": 5, ""weight_decay"": 0.1}",COMPLETE,es,1
13,0.7362996111051054,2026-10-01 12:42:32.192058,2026-10-01 12:43:16.726694,0 days 00:00:44.534636,16,0.1,4e-05,standard,5,PYSENTIMIENTO,0.0,"[4, 3, 2]",0.0254373697835334,3,"{""batch_size"": 16, ""classifier_dropout"": 0.1, ""learning_rate"": 4e-05, ""loss_mode"": ""standard"", ""num_train_epochs"": 5, ""weight_decay"": 0.0}",COMPLETE,es,1
14,0.7341264991194083,2026-10-01 12:43:16.957440,2026-10-01 12:44:05.695198,0 days 00:00:48.737758,16,0.1,3e-05,balanced,5,PYSENTIMIENTO,0.01,"[2, 4, 5]",0.0045537021126839,4,"{""batch_size"": 16, ""classifier_dropout"": 0.1, ""learning_rate"": 3e-05, ""loss_mode"": ""balanced"", ""num_train_epochs"": 5, ""weight_decay"": 0.01}",COMPLETE,es,1
15,0.7259250751914793,2026-10-01 12:44:05.956599,2026-10-01 12:44:37.151703,0 days 00:00:31.195104,32,0.2,4e-05,balanced,5,PYSENTIMIENTO,0.1,"[3, 2, 4]",0.0026045114108689,3,"{""batch_size"": 32, ""classifier_dropout"": 0.2, ""learning_rate"": 4e-05, ""loss_mode"": ""balanced"", ""num_train_epochs"": 5, ""weight_decay"": 0.1}",COMPLETE,es,1
16,0.7356784181702761,2026-10-01 12:44:37.375889,2026-10-01 12:45:12.206821,0 days 00:00:34.830932,16,0.2,4e-05,balanced,3,PYSENTIMIENTO,0.0,"[3, 3, 3]",0.0278833577408306,3,"{""batch_size"": 16, ""classifier_dropout"": 0.2, ""learning_rate"": 4e-05, ""loss_mode"": ""balanced"", ""num_train_epochs"": 3, ""weight_decay"": 0.0}",COMPLETE,es,1
17,0.7329680106097722,2026-10-01 12:45:12.455114,2026-10-01 12:45:45.094404,0 days 00:00:32.639290,32,0.2,4e-05,standard,5,PYSENTIMIENTO,0.01,"[2, 5, 5]",0.0158536900538229,5,"{""batch_size"": 32, ""classifier_dropout"": 0.2, ""learning_rate"": 4e-05, ""loss_mode"": ""standard"", ""num_train_epochs"": 5, ""weight_decay"": 0.01}",COMPLETE,es,1
18,0.7240415862176501,2026-10-01 12:45:45.314131,2026-10-01 12:46:14.047675,0 days 00:00:28.733544,32,0.3,4e-05,balanced,4,PYSENTIMIENTO,0.01,"[4, 4, 2]",0.0225793512427335,4,"{""batch_size"": 32, ""classifier_dropout"": 0.3, ""learning_rate"": 4e-05, ""loss_mode"": ""balanced"", ""num_train_epochs"": 4, ""weight_decay"": 0.01}",COMPLETE,es,1
19,0.7351950450075607,2026-10-01 12:46:14.268421,2026-10-01 12:46:56.588163,0 days 00:00:42.319742,16,0.1,5e-05,standard,4,PYSENTIMIENTO,0.01,"[4, 3, 2]",0.0256384181277174,3,"{""batch_size"": 16, ""classifier_dropout"": 0.1, ""learning_rate"": 5e-05, ""loss_mode"": ""standard"", ""num_train_epochs"": 4, ""weight_decay"": 0.01}",COMPLETE,es,1
0,0.7219334519017574,2026-10-01 12:47:20.458393,2026-10-01 12:47:55.397863,0 days 00:00:34.939470,32,0.1,2e-05,balanced,5,PYSENTIMIENTO,0.01,"[4, 4, 3]",0.0361674983051498,4,,COMPLETE,es,2
1,0.7172276278606087,2026-10-01 12:47:55.626941,2026-10-01 12:48:31.055008,0 days 00:00:35.428067,32,0.3,2e-05,balanced,5,PYSENTIMIENTO,0.01,"[4, 4, 3]",0.0341941220506015,4,,COMPLETE,es,2
2,0.7113951531167008,2026-10-01 12:48:31.270922,2026-10-01 12:49:03.416362,0 days 00:00:32.145440,16,0.1,2e-05,balanced,3,PYSENTIMIENTO,0.05,"[1, 3, 3]",0.023323483246097,3,,COMPLETE,es,2
3,0.7158018937827908,2026-10-01 12:49:03.637478,2026-10-01 12:49:34.227072,0 days 00:00:30.589594,32,0.2,2e-05,standard,4,PYSENTIMIENTO,0.05,"[4, 4, 3]",0.0319966050218775,4,,COMPLETE,es,2
4,0.7496416734506597,2026-10-01 12:49:34.454687,2026-10-01 12:50:09.810201,0 days 00:00:35.355514,16,0.1,5e-05,standard,3,PYSENTIMIENTO,0.05,"[3, 3, 3]",0.0236264319468006,3,,COMPLETE,es,2
5,0.7496416734506597,2026-10-01 12:50:10.041967,2026-10-01 12:50:10.141498,0 days 00:00:00.099531,16,0.1,5e-05,standard,3,PYSENTIMIENTO,0.05,"[3, 3, 3]",0.0236264319468006,3,"{""batch_size"": 16, ""classifier_dropout"": 0.1, ""learning_rate"": 5e-05, ""loss_mode"": ""standard"", ""num_train_epochs"": 3, ""weight_decay"": 0.05}",COMPLETE,es,2
6,0.743822052148758,2026-10-01 12:50:10.377799,2026-10-01 12:50:46.328019,0 days 00:00:35.950220,16,0.3,4e-05,standard,3,PYSENTIMIENTO,0.1,"[3, 2, 3]",0.0191064612078362,3,"{""batch_size"": 16, ""classifier_dropout"": 0.3, ""learning_rate"": 4e-05, ""loss_mode"": ""standard"", ""num_train_epochs"": 3, ""weight_decay"": 0.1}",COMPLETE,es,2
7,0.7285295038477034,2026-10-01 12:50:46.556875,2026-10-01 12:51:11.519898,0 days 00:00:24.963023,32,0.1,3e-05,standard,3,PYSENTIMIENTO,0.0,"[2, 3, 3]",0.0247887992392322,3,"{""batch_size"": 32, ""classifier_dropout"": 0.1, ""learning_rate"": 3e-05, ""loss_mode"": ""standard"", ""num_train_epochs"": 3, ""weight_decay"": 0.0}",COMPLETE,es,2
8,0.7485212495295371,2026-10-01 12:51:11.760284,2026-10-01 12:51:56.925888,0 days 00:00:45.165604,16,0.3,5e-05,standard,4,PYSENTIMIENTO,0.0,"[3, 3, 3]",0.0217328562921933,3,"{""batch_size"": 16, ""classifier_dropout"": 0.3, ""learning_rate"": 5e-05, ""loss_mode"": ""standard"", ""num_train_epochs"": 4, ""weight_decay"": 0.0}",COMPLETE,es,2
9,0.7403313688921099,2026-10-01 12:51:57.161334,2026-10-01 12:52:22.541556,0 days 00:00:25.380222,32,0.3,5e-05,balanced,3,PYSENTIMIENTO,0.05,"[3, 3, 3]",0.0316091548306767,3,"{""batch_size"": 32, ""classifier_dropout"": 0.3, ""learning_rate"": 5e-05, ""loss_mode"": ""balanced"", ""num_train_epochs"": 3, ""weight_decay"": 0.05}",COMPLETE,es,2
10,0.7341071429763354,2026-10-01 12:52:22.796291,2026-10-01 12:52:58.759637,0 days 00:00:35.963346,16,0.2,3e-05,standard,3,PYSENTIMIENTO,0.01,"[2, 3, 3]",0.0217878074006135,3,"{""batch_size"": 16, ""classifier_dropout"": 0.2, ""learning_rate"": 3e-05, ""loss_mode"": ""standard"", ""num_train_epochs"": 3, ""weight_decay"": 0.01}",COMPLETE,es,2
11,0.7496416734506597,2026-10-01 12:52:58.986987,2026-10-01 12:52:59.090645,0 days 00:00:00.103658,16,0.1,5e-05,standard,3,PYSENTIMIENTO,0.05,"[3, 3, 3]",0.0236264319468006,3,"{""batch_size"": 16, ""classifier_dropout"": 0.1, ""learning_rate"": 5e-05, ""loss_mode"": ""standard"", ""num_train_epochs"": 3, ""weight_decay"": 0.05}",COMPLETE,es,2
12,0.7522970211910117,2026-10-01 12:52:59.336698,2026-10-01 12:53:45.245918,0 days 00:00:45.909220,16,0.3,5e-05,standard,5,PYSENTIMIENTO,0.05,"[3, 3, 3]",0.0223528712877095,3,"{""batch_size"": 16, ""classifier_dropout"": 0.3, ""learning_rate"": 5e-05, ""loss_mode"": ""standard"", ""num_train_epochs"": 5, ""weight_decay"": 0.05}",COMPLETE,es,2
13,0.7445933693812864,2026-10-01 12:53:45.497305,2026-10-01 12:54:27.096004,0 days 00:00:41.598699,16,0.3,4e-05,standard,5,PYSENTIMIENTO,0.05,"[3, 3, 2]",0.0267585610079589,3,"{""batch_size"": 16, ""classifier_dropout"": 0.3, ""learning_rate"": 4e-05, ""loss_mode"": ""standard"", ""num_train_epochs"": 5, ""weight_decay"": 0.05}",COMPLETE,es,2
14,0.7458613986577912,2026-10-01 12:54:27.321378,2026-10-01 12:54:57.918418,0 days 00:00:30.597040,32,0.3,5e-05,standard,5,PYSENTIMIENTO,0.05,"[2, 3, 4]",0.0184555904863351,3,"{""batch_size"": 32, ""classifier_dropout"": 0.3, ""learning_rate"": 5e-05, ""loss_mode"": ""standard"", ""num_train_epochs"": 5, ""weight_decay"": 0.05}",COMPLETE,es,2
15,0.7522970211910117,2026-10-01 12:54:58.168746,2026-10-01 12:54:58.273161,0 days 00:00:00.104415,16,0.3,5e-05,standard,5,PYSENTIMIENTO,0.05,"[3, 3, 3]",0.0223528712877095,3,"{""batch_size"": 16, ""classifier_dropout"": 0.3, ""learning_rate"": 5e-05, ""loss_mode"": ""standard"", ""num_train_epochs"": 5, ""weight_decay"": 0.05}",COMPLETE,es,2
16,0.7515509029041724,2026-10-01 12:54:58.518992,2026-10-01 12:55:47.052838,0 days 00:00:48.533846,16,0.3,5e-05,standard,5,PYSENTIMIENTO,0.01,"[3, 3, 4]",0.0227405585753265,3,"{""batch_size"": 16, ""classifier_dropout"": 0.3, ""learning_rate"": 5e-05, ""loss_mode"": ""standard"", ""num_train_epochs"": 5, ""weight_decay"": 0.01}",COMPLETE,es,2
17,0.7441675216272353,2026-10-01 12:55:47.301946,2026-10-01 12:56:32.301502,0 days 00:00:44.999556,16,0.3,3e-05,standard,4,PYSENTIMIENTO,0.05,"[3, 3, 4]",0.0110081416958251,3,"{""batch_size"": 16, ""classifier_dropout"": 0.3, ""learning_rate"": 3e-05, ""loss_mode"": ""standard"", ""num_train_epochs"": 4, ""weight_decay"": 0.05}",COMPLETE,es,2
18,0.7144320189840466,2026-10-01 12:56:32.525206,2026-10-01 12:57:15.081648,0 days 00:00:42.556442,16,0.2,2e-05,standard,5,PYSENTIMIENTO,0.05,"[3, 5, 1]",0.0581744637775006,3,"{""batch_size"": 16, ""classifier_dropout"": 0.2, ""learning_rate"": 2e-05, ""loss_mode"": ""standard"", ""num_train_epochs"": 5, ""weight_decay"": 0.05}",COMPLETE,es,2
19,0.7443974175405973,2026-10-01 12:57:15.314467,2026-10-01 12:58:00.769394,0 days 00:00:45.454927,16,0.3,5e-05,balanced,5,PYSENTIMIENTO,0.05,"[2, 4, 3]",0.0196346849742308,3,"{""batch_size"": 16, ""classifier_dropout"": 0.3, ""learning_rate"": 5e-05, ""loss_mode"": ""balanced"", ""num_train_epochs"": 5, ""weight_decay"": 0.05}",COMPLETE,es,2
0,0.7134686359723071,2026-10-01 12:58:16.606765,2026-10-01 12:58:47.578607,0 days 00:00:30.971842,32,0.2,2e-05,balanced,4,PYSENTIMIENTO,0.1,"[4, 4, 4]",0.0222528209000435,4,,COMPLETE,es,3
1,0.7392459646120576,2026-10-01 12:58:47.812235,2026-10-01 12:59:24.743943,0 days 00:00:36.931708,32,0.2,4e-05,balanced,5,PYSENTIMIENTO,0.01,"[4, 4, 5]",0.0241901854610949,4,,COMPLETE,es,3
2,0.7250975488695529,2026-10-01 12:59:25.020471,2026-10-01 13:00:00.046703,0 days 00:00:35.026232,16,0.2,3e-05,balanced,3,PYSENTIMIENTO,0.0,"[3, 3, 3]",0.0268186650537916,3,,COMPLETE,es,3
3,0.7372524242176867,2026-10-01 13:00:00.285735,2026-10-01 13:00:36.188489,0 days 00:00:35.902754,16,0.3,4e-05,standard,3,PYSENTIMIENTO,0.01,"[2, 3, 3]",0.0384841131422911,3,,COMPLETE,es,3
4,0.7163736258669878,2026-10-01 13:00:36.404728,2026-10-01 13:01:18.709792,0 days 00:00:42.305064,16,0.3,2e-05,balanced,4,PYSENTIMIENTO,0.1,"[3, 2, 4]",0.0220320353929435,3,,COMPLETE,es,3
5,0.7291756806905312,2026-10-01 13:01:18.949018,2026-10-01 13:01:49.598879,0 days 00:00:30.649861,32,0.2,4e-05,standard,5,PYSENTIMIENTO,0.01,"[5, 1, 4]",0.0435886754195388,4,"{""batch_size"": 32, ""classifier_dropout"": 0.2, ""learning_rate"": 4e-05, ""loss_mode"": ""standard"", ""num_train_epochs"": 5, ""weight_decay"": 0.01}",COMPLETE,es,3
6,0.7318404732042681,2026-10-01 13:01:49.857937,2026-10-01 13:02:20.802680,0 days 00:00:30.944743,32,0.1,4e-05,balanced,5,PYSENTIMIENTO,0.01,"[5, 4, 1]",0.0042506821170924,4,"{""batch_size"": 32, ""classifier_dropout"": 0.1, ""learning_rate"": 4e-05, ""loss_mode"": ""balanced"", ""num_train_epochs"": 5, ""weight_decay"": 0.01}",COMPLETE,es,3
7,0.7168706368333858,2026-10-01 13:02:21.035813,2026-10-01 13:02:47.853015,0 days 00:00:26.817202,32,0.2,3e-05,balanced,5,PYSENTIMIENTO,0.01,"[3, 3, 1]",0.0073485806124771,3,"{""batch_size"": 32, ""classifier_dropout"": 0.2, ""learning_rate"": 3e-05, ""loss_mode"": ""balanced"", ""num_train_epochs"": 5, ""weight_decay"": 0.01}",COMPLETE,es,3
8,0.7330409685893606,2026-10-01 13:02:48.077947,2026-10-01 13:03:30.300633,0 days 00:00:42.222686,16,0.2,4e-05,balanced,5,PYSENTIMIENTO,0.05,"[2, 4, 2]",0.0096625758177923,2,"{""batch_size"": 16, ""classifier_dropout"": 0.2, ""learning_rate"": 4e-05, ""loss_mode"": ""balanced"", ""num_train_epochs"": 5, ""weight_decay"": 0.05}",COMPLETE,es,3
9,0.7256323244895819,2026-10-01 13:03:30.553023,2026-10-01 13:03:57.317567,0 days 00:00:26.764544,32,0.3,4e-05,balanced,4,PYSENTIMIENTO,0.0,"[4, 4, 1]",0.0100535588769298,4,"{""batch_size"": 32, ""classifier_dropout"": 0.3, ""learning_rate"": 4e-05, ""loss_mode"": ""balanced"", ""num_train_epochs"": 4, ""weight_decay"": 0.0}",COMPLETE,es,3
10,0.7164929587924793,2026-10-01 13:03:57.565062,2026-10-01 13:04:20.687761,0 days 00:00:23.122699,32,0.2,4e-05,balanced,3,PYSENTIMIENTO,0.05,"[3, 3, 1]",0.0155186826895683,3,"{""batch_size"": 32, ""classifier_dropout"": 0.2, ""learning_rate"": 4e-05, ""loss_mode"": ""balanced"", ""num_train_epochs"": 3, ""weight_decay"": 0.05}",COMPLETE,es,3
11,0.7372911323838696,2026-10-01 13:04:20.925277,2026-10-01 13:04:56.868074,0 days 00:00:35.942797,16,0.3,5e-05,standard,3,PYSENTIMIENTO,0.01,"[3, 2, 3]",0.0217083087781253,3,"{""batch_size"": 16, ""classifier_dropout"": 0.3, ""learning_rate"": 5e-05, ""loss_mode"": ""standard"", ""num_train_epochs"": 3, ""weight_decay"": 0.01}",COMPLETE,es,3
12,0.7376005509015305,2026-10-01 13:04:57.101378,2026-10-01 13:05:32.904815,0 days 00:00:35.803437,16,0.1,5e-05,standard,3,PYSENTIMIENTO,0.01,"[3, 3, 3]",0.0211500291036253,3,"{""batch_size"": 16, ""classifier_dropout"": 0.1, ""learning_rate"": 5e-05, ""loss_mode"": ""standard"", ""num_train_epochs"": 3, ""weight_decay"": 0.01}",COMPLETE,es,3
13,0.7425297936723428,2026-10-01 13:05:33.142387,2026-10-01 13:06:08.676501,0 days 00:00:35.534114,16,0.1,5e-05,standard,3,PYSENTIMIENTO,0.05,"[3, 3, 3]",0.0259362315937622,3,"{""batch_size"": 16, ""classifier_dropout"": 0.1, ""learning_rate"": 5e-05, ""loss_mode"": ""standard"", ""num_train_epochs"": 3, ""weight_decay"": 0.05}",COMPLETE,es,3
14,0.7143676260664119,2026-10-01 13:06:08.924374,2026-10-01 13:06:41.744477,0 days 00:00:32.820103,16,0.1,3e-05,standard,3,PYSENTIMIENTO,0.05,"[3, 1, 2]",0.0351158154098434,2,"{""batch_size"": 16, ""classifier_dropout"": 0.1, ""learning_rate"": 3e-05, ""loss_mode"": ""standard"", ""num_train_epochs"": 3, ""weight_decay"": 0.05}",COMPLETE,es,3
15,0.7206730207907747,2026-10-01 13:06:41.994167,2026-10-01 13:07:04.885598,0 days 00:00:22.891431,32,0.1,5e-05,standard,3,PYSENTIMIENTO,0.05,"[2, 1, 3]",0.0257781812983785,2,"{""batch_size"": 32, ""classifier_dropout"": 0.1, ""learning_rate"": 5e-05, ""loss_mode"": ""standard"", ""num_train_epochs"": 3, ""weight_decay"": 0.05}",COMPLETE,es,3
16,0.7363165477166134,2026-10-01 13:07:05.125683,2026-10-01 13:07:47.402381,0 days 00:00:42.276698,16,0.1,5e-05,balanced,5,PYSENTIMIENTO,0.05,"[2, 4, 2]",0.0227123144862557,2,"{""batch_size"": 16, ""classifier_dropout"": 0.1, ""learning_rate"": 5e-05, ""loss_mode"": ""balanced"", ""num_train_epochs"": 5, ""weight_decay"": 0.05}",COMPLETE,es,3
17,0.7135685572891551,2026-10-01 13:07:47.660448,2026-10-01 13:08:26.311603,0 days 00:00:38.651155,16,0.1,2e-05,standard,5,PYSENTIMIENTO,0.1,"[3, 1, 3]",0.0330294015993284,3,"{""batch_size"": 16, ""classifier_dropout"": 0.1, ""learning_rate"": 2e-05, ""loss_mode"": ""standard"", ""num_train_epochs"": 5, ""weight_decay"": 0.1}",COMPLETE,es,3
18,0.7348739973396228,2026-10-01 13:08:26.562947,2026-10-01 13:09:03.084468,0 days 00:00:36.521521,32,0.2,4e-05,balanced,5,PYSENTIMIENTO,0.0,"[4, 4, 5]",0.022656456664021,4,"{""batch_size"": 32, ""classifier_dropout"": 0.2, ""learning_rate"": 4e-05, ""loss_mode"": ""balanced"", ""num_train_epochs"": 5, ""weight_decay"": 0.0}",COMPLETE,es,3
19,0.7342582036681878,2026-10-01 13:09:03.335747,2026-10-01 13:09:48.339359,0 days 00:00:45.003612,16,0.2,5e-05,standard,5,PYSENTIMIENTO,0.05,"[3, 5, 2]",0.0074884537095582,3,"{""batch_size"": 16, ""classifier_dropout"": 0.2, ""learning_rate"": 5e-05, ""loss_mode"": ""standard"", ""num_train_epochs"": 5, ""weight_decay"": 0.05}",COMPLETE,es,3
0,0.7237927992170662,2026-10-01 13:10:04.062686,2026-10-01 13:10:40.332881,0 days 00:00:36.270195,32,0.3,2e-05,balanced,5,PYSENTIMIENTO,0.01,"[5, 3, 5]",0.027526171684877,5,,COMPLETE,es,4
1,0.735919342681245,2026-10-01 13:10:40.590821,2026-10-01 13:11:12.130191,0 days 00:00:31.539370,32,0.1,3e-05,standard,4,PYSENTIMIENTO,0.05,"[4, 4, 4]",0.0215540652896515,4,,COMPLETE,es,4
2,0.7401746966487027,2026-10-01 13:11:12.356948,2026-10-01 13:11:41.425492,0 days 00:00:29.068544,32,0.1,5e-05,standard,4,PYSENTIMIENTO,0.0,"[3, 4, 2]",0.0062016265043143,3,,COMPLETE,es,4
3,0.739101629342469,2026-10-01 13:11:41.654587,2026-10-01 13:12:13.077435,0 days 00:00:31.422848,32,0.1,4e-05,balanced,4,PYSENTIMIENTO,0.1,"[4, 4, 4]",0.0148336548162535,4,,COMPLETE,es,4
4,0.7294876958828206,2026-10-01 13:12:13.307979,2026-10-01 13:12:49.236192,0 days 00:00:35.928213,16,0.2,3e-05,standard,3,PYSENTIMIENTO,0.01,"[3, 3, 3]",0.0200583375450279,3,,COMPLETE,es,4
5,0.7476472659897228,2026-10-01 13:12:49.468271,2026-10-01 13:13:34.712987,0 days 00:00:45.244716,16,0.1,5e-05,standard,4,PYSENTIMIENTO,0.0,"[4, 4, 4]",0.0163645033057673,4,"{""batch_size"": 16, ""classifier_dropout"": 0.1, ""learning_rate"": 5e-05, ""loss_mode"": ""standard"", ""num_train_epochs"": 4, ""weight_decay"": 0.0}",COMPLETE,es,4
6,0.728962970697219,2026-10-01 13:13:34.946544,2026-10-01 13:14:10.846624,0 days 00:00:35.900080,16,0.3,5e-05,standard,4,PYSENTIMIENTO,0.05,"[1, 2, 4]",0.0354581630378099,2,"{""batch_size"": 16, ""classifier_dropout"": 0.3, ""learning_rate"": 5e-05, ""loss_mode"": ""standard"", ""num_train_epochs"": 4, ""weight_decay"": 0.05}",COMPLETE,es,4
7,0.7452965705537764,2026-10-01 13:14:11.095809,2026-10-01 13:14:56.265999,0 days 00:00:45.170190,16,0.1,5e-05,balanced,4,PYSENTIMIENTO,0.0,"[3, 4, 3]",0.013771687704544,3,"{""batch_size"": 16, ""classifier_dropout"": 0.1, ""learning_rate"": 5e-05, ""loss_mode"": ""balanced"", ""num_train_epochs"": 4, ""weight_decay"": 0.0}",COMPLETE,es,4
8,0.7373774548588349,2026-10-01 13:14:56.492314,2026-10-01 13:15:38.282486,0 days 00:00:41.790172,16,0.1,5e-05,standard,5,PYSENTIMIENTO,0.1,"[1, 5, 3]",0.0275063018351598,3,"{""batch_size"": 16, ""classifier_dropout"": 0.1, ""learning_rate"": 5e-05, ""loss_mode"": ""standard"", ""num_train_epochs"": 5, ""weight_decay"": 0.1}",COMPLETE,es,4
9,0.7450133912551271,2026-10-01 13:15:38.510392,2026-10-01 13:16:23.208209,0 days 00:00:44.697817,16,0.3,4e-05,standard,4,PYSENTIMIENTO,0.0,"[4, 3, 4]",0.0150984534347405,4,"{""batch_size"": 16, ""classifier_dropout"": 0.3, ""learning_rate"": 4e-05, ""loss_mode"": ""standard"", ""num_train_epochs"": 4, ""weight_decay"": 0.0}",COMPLETE,es,4
10,0.7482635581612312,2026-10-01 13:16:23.453998,2026-10-01 13:17:08.542928,0 days 00:00:45.088930,16,0.1,5e-05,standard,4,PYSENTIMIENTO,0.01,"[4, 4, 4]",0.0156702986073142,4,"{""batch_size"": 16, ""classifier_dropout"": 0.1, ""learning_rate"": 5e-05, ""loss_mode"": ""standard"", ""num_train_epochs"": 4, ""weight_decay"": 0.01}",COMPLETE,es,4
11,0.7370932996621572,2026-10-01 13:17:08.773469,2026-10-01 13:17:53.762662,0 days 00:00:44.989193,16,0.1,2e-05,standard,4,PYSENTIMIENTO,0.01,"[4, 4, 3]",0.0137704318364109,4,"{""batch_size"": 16, ""classifier_dropout"": 0.1, ""learning_rate"": 2e-05, ""loss_mode"": ""standard"", ""num_train_epochs"": 4, ""weight_decay"": 0.01}",COMPLETE,es,4
12,0.7442070406061663,2026-10-01 13:17:54.000969,2026-10-01 13:18:29.303208,0 days 00:00:35.302239,16,0.1,5e-05,standard,3,PYSENTIMIENTO,0.01,"[3, 3, 3]",0.0190582332691369,3,"{""batch_size"": 16, ""classifier_dropout"": 0.1, ""learning_rate"": 5e-05, ""loss_mode"": ""standard"", ""num_train_epochs"": 3, ""weight_decay"": 0.01}",COMPLETE,es,4
13,0.7482635581612312,2026-10-01 13:18:29.533329,2026-10-01 13:18:29.633843,0 days 00:00:00.100514,16,0.1,5e-05,standard,4,PYSENTIMIENTO,0.01,"[4, 4, 4]",0.0156702986073142,4,"{""batch_size"": 16, ""classifier_dropout"": 0.1, ""learning_rate"": 5e-05, ""loss_mode"": ""standard"", ""num_train_epochs"": 4, ""weight_decay"": 0.01}",COMPLETE,es,4
14,0.7243454441580018,2026-10-01 13:18:29.909344,2026-10-01 13:18:50.835972,0 days 00:00:20.926628,32,0.2,5e-05,standard,5,PYSENTIMIENTO,0.01,"[2, 1, 1]",0.0176065941730745,1,"{""batch_size"": 32, ""classifier_dropout"": 0.2, ""learning_rate"": 5e-05, ""loss_mode"": ""standard"", ""num_train_epochs"": 5, ""weight_decay"": 0.01}",COMPLETE,es,4
15,0.7482635581612312,2026-10-01 13:18:51.086332,2026-10-01 13:18:51.196654,0 days 00:00:00.110322,16,0.1,5e-05,standard,4,PYSENTIMIENTO,0.01,"[4, 4, 4]",0.0156702986073142,4,"{""batch_size"": 16, ""classifier_dropout"": 0.1, ""learning_rate"": 5e-05, ""loss_mode"": ""standard"", ""num_train_epochs"": 4, ""weight_decay"": 0.01}",COMPLETE,es,4
16,0.7330899349446085,2026-10-01 13:18:51.424957,2026-10-01 13:19:16.557671,0 days 00:00:25.132714,32,0.3,5e-05,standard,3,PYSENTIMIENTO,0.1,"[3, 3, 3]",0.0247685088685869,3,"{""batch_size"": 32, ""classifier_dropout"": 0.3, ""learning_rate"": 5e-05, ""loss_mode"": ""standard"", ""num_train_epochs"": 3, ""weight_decay"": 0.1}",COMPLETE,es,4
17,0.7278524978610963,2026-10-01 13:19:16.786208,2026-10-01 13:19:49.469329,0 days 00:00:32.683121,16,0.1,4e-05,standard,5,PYSENTIMIENTO,0.01,"[1, 3, 1]",0.0279354506165779,1,"{""batch_size"": 16, ""classifier_dropout"": 0.1, ""learning_rate"": 4e-05, ""loss_mode"": ""standard"", ""num_train_epochs"": 5, ""weight_decay"": 0.01}",COMPLETE,es,4
18,0.728002116542455,2026-10-01 13:19:49.700260,2026-10-01 13:20:14.797794,0 days 00:00:25.097534,32,0.1,5e-05,balanced,3,PYSENTIMIENTO,0.01,"[3, 3, 3]",0.0215071949727925,3,"{""batch_size"": 32, ""classifier_dropout"": 0.1, ""learning_rate"": 5e-05, ""loss_mode"": ""balanced"", ""num_train_epochs"": 3, ""weight_decay"": 0.01}",COMPLETE,es,4
19,0.740725222713151,2026-10-01 13:20:15.049421,2026-10-01 13:21:00.506211,0 days 00:00:45.456790,16,0.1,3e-05,standard,4,PYSENTIMIENTO,0.1,"[4, 3, 3]",0.0166239799346784,3,"{""batch_size"": 16, ""classifier_dropout"": 0.1, ""learning_rate"": 3e-05, ""loss_mode"": ""standard"", ""num_train_epochs"": 4, ""weight_decay"": 0.1}",COMPLETE,es,4
0,0.7043182446196458,2026-10-01 13:21:20.290158,2026-10-01 13:21:50.789742,0 days 00:00:30.499584,32,0.3,3e-05,balanced,5,PYSENTIMIENTO,0.01,"[5, 4, 1]",0.0344972313712269,4,,COMPLETE,es,5
1,0.7399142394337396,2026-10-01 13:21:51.020966,2026-10-01 13:22:25.580220,0 days 00:00:34.559254,16,0.3,4e-05,standard,3,PYSENTIMIENTO,0.0,"[3, 3, 3]",0.0107372599994453,3,,COMPLETE,es,5
2,0.7164472315677072,2026-10-01 13:22:25.808324,2026-10-01 13:23:10.893973,0 days 00:00:45.085649,16,0.3,2e-05,balanced,4,PYSENTIMIENTO,0.05,"[3, 3, 3]",0.0053309252659232,3,,COMPLETE,es,5
3,0.732908041097834,2026-10-01 13:23:11.125287,2026-10-01 13:23:46.340845,0 days 00:00:35.215558,32,0.2,3e-05,standard,5,PYSENTIMIENTO,0.01,"[3, 3, 5]",0.0207874630222755,3,,COMPLETE,es,5
4,0.7043182446196458,2026-10-01 13:23:46.595325,2026-10-01 13:23:46.685803,0 days 00:00:00.090478,32,0.3,3e-05,balanced,5,PYSENTIMIENTO,0.01,"[5, 4, 1]",0.0344972313712269,4,,COMPLETE,es,5
5,0.7399142394337396,2026-10-01 13:23:46.931520,2026-10-01 13:23:47.036776,0 days 00:00:00.105256,16,0.3,4e-05,standard,3,PYSENTIMIENTO,0.0,"[3, 3, 3]",0.0107372599994453,3,"{""batch_size"": 16, ""classifier_dropout"": 0.3, ""learning_rate"": 4e-05, ""loss_mode"": ""standard"", ""num_train_epochs"": 3, ""weight_decay"": 0.0}",COMPLETE,es,5
6,0.7202504844580154,2026-10-01 13:23:47.286155,2026-10-01 13:24:19.251129,0 days 00:00:31.964974,16,0.1,5e-05,balanced,3,PYSENTIMIENTO,0.0,"[2, 3, 1]",0.0168786606174825,2,"{""batch_size"": 16, ""classifier_dropout"": 0.1, ""learning_rate"": 5e-05, ""loss_mode"": ""balanced"", ""num_train_epochs"": 3, ""weight_decay"": 0.0}",COMPLETE,es,5
7,0.7294202456534381,2026-10-01 13:24:19.486491,2026-10-01 13:24:57.703364,0 days 00:00:38.216873,16,0.3,5e-05,standard,4,PYSENTIMIENTO,0.1,"[1, 4, 4]",0.0244790363549207,4,"{""batch_size"": 16, ""classifier_dropout"": 0.3, ""learning_rate"": 5e-05, ""loss_mode"": ""standard"", ""num_train_epochs"": 4, ""weight_decay"": 0.1}",COMPLETE,es,5
8,0.7380067020201181,2026-10-01 13:24:57.940791,2026-10-01 13:25:26.678762,0 days 00:00:28.737971,32,0.1,4e-05,standard,4,PYSENTIMIENTO,0.0,"[3, 2, 3]",0.0207246877663406,3,"{""batch_size"": 32, ""classifier_dropout"": 0.1, ""learning_rate"": 4e-05, ""loss_mode"": ""standard"", ""num_train_epochs"": 4, ""weight_decay"": 0.0}",COMPLETE,es,5
9,0.649609101482776,2026-10-01 13:25:26.914375,2026-10-01 13:25:51.654700,0 days 00:00:24.740325,32,0.3,2e-05,standard,3,PYSENTIMIENTO,0.1,"[3, 3, 3]",0.0243544088009232,3,"{""batch_size"": 32, ""classifier_dropout"": 0.3, ""learning_rate"": 2e-05, ""loss_mode"": ""standard"", ""num_train_epochs"": 3, ""weight_decay"": 0.1}",COMPLETE,es,5
10,0.7217022471608491,2026-10-01 13:25:51.886676,2026-10-01 13:26:36.557995,0 days 00:00:44.671319,16,0.2,4e-05,standard,5,PYSENTIMIENTO,0.0,"[1, 4, 4]",0.0369065192624486,4,"{""batch_size"": 16, ""classifier_dropout"": 0.2, ""learning_rate"": 4e-05, ""loss_mode"": ""standard"", ""num_train_epochs"": 5, ""weight_decay"": 0.0}",COMPLETE,es,5
11,0.7399142394337396,2026-10-01 13:26:36.791559,2026-10-01 13:26:36.899167,0 days 00:00:00.107608,16,0.3,4e-05,standard,3,PYSENTIMIENTO,0.0,"[3, 3, 3]",0.0107372599994453,3,"{""batch_size"": 16, ""classifier_dropout"": 0.3, ""learning_rate"": 4e-05, ""loss_mode"": ""standard"", ""num_train_epochs"": 3, ""weight_decay"": 0.0}",COMPLETE,es,5
12,0.7229878617182592,2026-10-01 13:26:37.137569,2026-10-01 13:27:12.422005,0 days 00:00:35.284436,16,0.3,3e-05,standard,3,PYSENTIMIENTO,0.01,"[3, 3, 2]",0.0045000735690035,3,"{""batch_size"": 16, ""classifier_dropout"": 0.3, ""learning_rate"": 3e-05, ""loss_mode"": ""standard"", ""num_train_epochs"": 3, ""weight_decay"": 0.01}",COMPLETE,es,5
13,0.7199183717690696,2026-10-01 13:27:12.652329,2026-10-01 13:27:45.684197,0 days 00:00:33.031868,16,0.3,4e-05,balanced,3,PYSENTIMIENTO,0.1,"[3, 2, 1]",0.013472000181855,2,"{""batch_size"": 16, ""classifier_dropout"": 0.3, ""learning_rate"": 4e-05, ""loss_mode"": ""balanced"", ""num_train_epochs"": 3, ""weight_decay"": 0.1}",COMPLETE,es,5
14,0.7033221249936427,2026-10-01 13:27:45.915162,2026-10-01 13:28:11.563009,0 days 00:00:25.647847,32,0.3,4e-05,standard,3,PYSENTIMIENTO,0.05,"[2, 3, 3]",0.0345886794157091,3,"{""batch_size"": 32, ""classifier_dropout"": 0.3, ""learning_rate"": 4e-05, ""loss_mode"": ""standard"", ""num_train_epochs"": 3, ""weight_decay"": 0.05}",COMPLETE,es,5
15,0.7363847396361619,2026-10-01 13:28:11.795065,2026-10-01 13:28:43.591555,0 days 00:00:31.796490,16,0.2,5e-05,standard,3,PYSENTIMIENTO,0.0,"[1, 2, 3]",0.0234370121012513,2,"{""batch_size"": 16, ""classifier_dropout"": 0.2, ""learning_rate"": 5e-05, ""loss_mode"": ""standard"", ""num_train_epochs"": 3, ""weight_decay"": 0.0}",COMPLETE,es,5
16,0.722315669722256,2026-10-01 13:28:43.824416,2026-10-01 13:29:28.198704,0 days 00:00:44.374288,16,0.3,4e-05,standard,5,PYSENTIMIENTO,0.05,"[1, 4, 4]",0.0351990541670276,4,"{""batch_size"": 16, ""classifier_dropout"": 0.3, ""learning_rate"": 4e-05, ""loss_mode"": ""standard"", ""num_train_epochs"": 5, ""weight_decay"": 0.05}",COMPLETE,es,5
17,0.718548435087358,2026-10-01 13:29:28.468631,2026-10-01 13:29:59.800829,0 days 00:00:31.332198,16,0.3,4e-05,balanced,4,PYSENTIMIENTO,0.0,"[2, 2, 1]",0.011972793942497,2,"{""batch_size"": 16, ""classifier_dropout"": 0.3, ""learning_rate"": 4e-05, ""loss_mode"": ""balanced"", ""num_train_epochs"": 4, ""weight_decay"": 0.0}",COMPLETE,es,5
18,0.7186158492243822,2026-10-01 13:30:00.036311,2026-10-01 13:30:42.738294,0 days 00:00:42.701983,16,0.3,4e-05,standard,4,PYSENTIMIENTO,0.01,"[1, 4, 4]",0.032648794639004,4,"{""batch_size"": 16, ""classifier_dropout"": 0.3, ""learning_rate"": 4e-05, ""loss_mode"": ""standard"", ""num_train_epochs"": 4, ""weight_decay"": 0.01}",COMPLETE,es,5
19,0.7335727669385136,2026-10-01 13:30:43.003608,2026-10-01 13:31:20.992254,0 days 00:00:37.988646,16,0.1,4e-05,standard,3,PYSENTIMIENTO,0.05,"[3, 3, 3]",0.0140394280847689,3,"{""batch_size"": 16, ""classifier_dropout"": 0.1, ""learning_rate"": 4e-05, ""loss_mode"": ""standard"", ""num_train_epochs"": 3, ""weight_decay"": 0.05}",COMPLETE,es,5
0,0.6800908465945817,2026-10-01 13:31:36.916251,2026-10-01 13:32:01.559459,0 days 00:00:24.643208,32,0.2,3e-05,balanced,3,PYSENTIMIENTO,0.05,"[3, 2, 3]",0.0228541765599816,3,,COMPLETE,cu,1
1,0.6773997820889971,2026-10-01 13:32:01.794569,2026-10-01 13:32:27.784435,0 days 00:00:25.989866,32,0.2,5e-05,standard,4,PYSENTIMIENTO,0.0,"[4, 3, 1]",0.0302722680500463,3,,COMPLETE,cu,1
2,0.6591056486517809,2026-10-01 13:32:28.017644,2026-10-01 13:33:02.631408,0 days 00:00:34.613764,16,0.2,2e-05,standard,3,PYSENTIMIENTO,0.01,"[2, 3, 2]",0.0139111607022459,2,,COMPLETE,cu,1
3,0.6622535749590911,2026-10-01 13:33:02.854039,2026-10-01 13:33:40.795401,0 days 00:00:37.941362,16,0.2,2e-05,standard,5,PYSENTIMIENTO,0.01,"[3, 1, 3]",0.0081076655163534,3,,COMPLETE,cu,1
4,0.6538431669579855,2026-10-01 13:33:41.028935,2026-10-01 13:34:15.891128,0 days 00:00:34.862193,16,0.3,2e-05,standard,3,PYSENTIMIENTO,0.01,"[3, 3, 2]",0.0176080079239515,3,,COMPLETE,cu,1
5,0.6800908465945817,2026-10-01 13:34:16.129893,2026-10-01 13:34:16.245946,0 days 00:00:00.116053,32,0.2,3e-05,balanced,3,PYSENTIMIENTO,0.05,"[3, 2, 3]",0.0228541765599816,3,"{""batch_size"": 32, ""classifier_dropout"": 0.2, ""learning_rate"": 3e-05, ""loss_mode"": ""balanced"", ""num_train_epochs"": 3, ""weight_decay"": 0.05}",COMPLETE,cu,1
6,0.6969293860202311,2026-10-01 13:34:16.500644,2026-10-01 13:34:47.351765,0 days 00:00:30.851121,32,0.3,5e-05,balanced,5,PYSENTIMIENTO,0.1,"[3, 3, 3]",0.0257337864164775,3,"{""batch_size"": 32, ""classifier_dropout"": 0.3, ""learning_rate"": 5e-05, ""loss_mode"": ""balanced"", ""num_train_epochs"": 5, ""weight_decay"": 0.1}",COMPLETE,cu,1
7,0.6969293860202311,2026-10-01 13:34:47.582421,2026-10-01 13:34:47.692156,0 days 00:00:00.109735,32,0.3,5e-05,balanced,5,PYSENTIMIENTO,0.1,"[3, 3, 3]",0.0257337864164775,3,"{""batch_size"": 32, ""classifier_dropout"": 0.3, ""learning_rate"": 5e-05, ""loss_mode"": ""balanced"", ""num_train_epochs"": 5, ""weight_decay"": 0.1}",COMPLETE,cu,1
8,0.6910846414997981,2026-10-01 13:34:47.920710,2026-10-01 13:35:23.524442,0 days 00:00:35.603732,16,0.1,4e-05,balanced,5,PYSENTIMIENTO,0.1,"[1, 3, 2]",0.0261644949997711,2,"{""batch_size"": 16, ""classifier_dropout"": 0.1, ""learning_rate"": 4e-05, ""loss_mode"": ""balanced"", ""num_train_epochs"": 5, ""weight_decay"": 0.1}",COMPLETE,cu,1
9,0.6985582383503716,2026-10-01 13:35:23.760847,2026-10-01 13:35:59.243477,0 days 00:00:35.482630,16,0.3,5e-05,balanced,4,PYSENTIMIENTO,0.0,"[1, 3, 2]",0.0248518808458523,2,"{""batch_size"": 16, ""classifier_dropout"": 0.3, ""learning_rate"": 5e-05, ""loss_mode"": ""balanced"", ""num_train_epochs"": 4, ""weight_decay"": 0.0}",COMPLETE,cu,1
10,0.6985582383503716,2026-10-01 13:35:59.473472,2026-10-01 13:35:59.597910,0 days 00:00:00.124438,16,0.3,5e-05,balanced,4,PYSENTIMIENTO,0.0,"[1, 3, 2]",0.0248518808458523,2,"{""batch_size"": 16, ""classifier_dropout"": 0.3, ""learning_rate"": 5e-05, ""loss_mode"": ""balanced"", ""num_train_epochs"": 4, ""weight_decay"": 0.0}",COMPLETE,cu,1
11,0.6985582383503716,2026-10-01 13:35:59.830506,2026-10-01 13:35:59.943738,0 days 00:00:00.113232,16,0.3,5e-05,balanced,4,PYSENTIMIENTO,0.0,"[1, 3, 2]",0.0248518808458523,2,"{""batch_size"": 16, ""classifier_dropout"": 0.3, ""learning_rate"": 5e-05, ""loss_mode"": ""balanced"", ""num_train_epochs"": 4, ""weight_decay"": 0.0}",COMPLETE,cu,1
12,0.684685141955559,2026-10-01 13:36:00.182825,2026-10-01 13:36:28.617633,0 days 00:00:28.434808,32,0.3,3e-05,balanced,4,PYSENTIMIENTO,0.0,"[3, 2, 3]",0.0243550805171034,3,"{""batch_size"": 32, ""classifier_dropout"": 0.3, ""learning_rate"": 3e-05, ""loss_mode"": ""balanced"", ""num_train_epochs"": 4, ""weight_decay"": 0.0}",COMPLETE,cu,1
13,0.6901475396767042,2026-10-01 13:36:28.845603,2026-10-01 13:37:04.378542,0 days 00:00:35.532939,16,0.1,5e-05,balanced,4,PYSENTIMIENTO,0.01,"[1, 3, 2]",0.0234333371173296,2,"{""batch_size"": 16, ""classifier_dropout"": 0.1, ""learning_rate"": 5e-05, ""loss_mode"": ""balanced"", ""num_train_epochs"": 4, ""weight_decay"": 0.01}",COMPLETE,cu,1
14,0.7004272214588735,2026-10-01 13:37:04.599760,2026-10-01 13:37:39.256014,0 days 00:00:34.656254,16,0.3,4e-05,balanced,3,PYSENTIMIENTO,0.0,"[3, 3, 3]",0.0228979719636717,3,"{""batch_size"": 16, ""classifier_dropout"": 0.3, ""learning_rate"": 4e-05, ""loss_mode"": ""balanced"", ""num_train_epochs"": 3, ""weight_decay"": 0.0}",COMPLETE,cu,1
15,0.7004272214588735,2026-10-01 13:37:39.488366,2026-10-01 13:37:39.593497,0 days 00:00:00.105131,16,0.3,4e-05,balanced,3,PYSENTIMIENTO,0.0,"[3, 3, 3]",0.0228979719636717,3,"{""batch_size"": 16, ""classifier_dropout"": 0.3, ""learning_rate"": 4e-05, ""loss_mode"": ""balanced"", ""num_train_epochs"": 3, ""weight_decay"": 0.0}",COMPLETE,cu,1
16,0.7004272214588735,2026-10-01 13:37:39.821831,2026-10-01 13:37:39.924049,0 days 00:00:00.102218,16,0.3,4e-05,balanced,3,PYSENTIMIENTO,0.0,"[3, 3, 3]",0.0228979719636717,3,"{""batch_size"": 16, ""classifier_dropout"": 0.3, ""learning_rate"": 4e-05, ""loss_mode"": ""balanced"", ""num_train_epochs"": 3, ""weight_decay"": 0.0}",COMPLETE,cu,1
17,0.6844416771738753,2026-10-01 13:37:40.167321,2026-10-01 13:38:04.767145,0 days 00:00:24.599824,32,0.3,4e-05,balanced,3,PYSENTIMIENTO,0.01,"[3, 2, 2]",0.022748184492877,2,"{""batch_size"": 32, ""classifier_dropout"": 0.3, ""learning_rate"": 4e-05, ""loss_mode"": ""balanced"", ""num_train_epochs"": 3, ""weight_decay"": 0.01}",COMPLETE,cu,1
18,0.6939457530228935,2026-10-01 13:38:05.017549,2026-10-01 13:38:40.639333,0 days 00:00:35.621784,16,0.3,3e-05,balanced,3,PYSENTIMIENTO,0.1,"[3, 3, 2]",0.0196083986472285,3,"{""batch_size"": 16, ""classifier_dropout"": 0.3, ""learning_rate"": 3e-05, ""loss_mode"": ""balanced"", ""num_train_epochs"": 3, ""weight_decay"": 0.1}",COMPLETE,cu,1
19,0.6624939906419063,2026-10-01 13:38:40.879645,2026-10-01 13:39:09.162879,0 days 00:00:28.283234,16,0.1,4e-05,standard,3,PYSENTIMIENTO,0.0,"[1, 1, 2]",0.0242021193228771,1,"{""batch_size"": 16, ""classifier_dropout"": 0.1, ""learning_rate"": 4e-05, ""loss_mode"": ""standard"", ""num_train_epochs"": 3, ""weight_decay"": 0.0}",COMPLETE,cu,1
0,0.6984785170105804,2026-10-01 13:39:24.677294,2026-10-01 13:39:59.997551,0 days 00:00:35.320257,32,0.1,2e-05,balanced,5,PYSENTIMIENTO,0.01,"[5, 4, 3]",0.0134747138883531,4,,COMPLETE,cu,2
1,0.6929073465136907,2026-10-01 13:40:00.236165,2026-10-01 13:40:37.770610,0 days 00:00:37.534445,32,0.3,2e-05,balanced,5,PYSENTIMIENTO,0.01,"[5, 5, 4]",0.0160245855440159,5,,COMPLETE,cu,2
2,0.6924126126250574,2026-10-01 13:40:38.030285,2026-10-01 13:41:14.064602,0 days 00:00:36.034317,16,0.1,2e-05,balanced,3,PYSENTIMIENTO,0.05,"[3, 3, 2]",0.0122955156431102,3,,COMPLETE,cu,2
3,0.6608149785958182,2026-10-01 13:41:14.299745,2026-10-01 13:41:45.418025,0 days 00:00:31.118280,32,0.2,2e-05,standard,4,PYSENTIMIENTO,0.05,"[4, 4, 4]",0.0145398885719324,4,,COMPLETE,cu,2
4,0.7089218201731825,2026-10-01 13:41:45.650895,2026-10-01 13:42:17.489231,0 days 00:00:31.838336,16,0.1,5e-05,standard,3,PYSENTIMIENTO,0.05,"[1, 2, 2]",0.0301680604903727,2,,COMPLETE,cu,2
5,0.7089218201731825,2026-10-01 13:42:17.714065,2026-10-01 13:42:17.816870,0 days 00:00:00.102805,16,0.1,5e-05,standard,3,PYSENTIMIENTO,0.05,"[1, 2, 2]",0.0301680604903727,2,"{""batch_size"": 16, ""classifier_dropout"": 0.1, ""learning_rate"": 5e-05, ""loss_mode"": ""standard"", ""num_train_epochs"": 3, ""weight_decay"": 0.05}",COMPLETE,cu,2
6,0.6921205619712909,2026-10-01 13:42:18.069060,2026-10-01 13:42:50.126151,0 days 00:00:32.057091,16,0.3,4e-05,standard,3,PYSENTIMIENTO,0.1,"[1, 3, 3]",0.0264767055406057,3,"{""batch_size"": 16, ""classifier_dropout"": 0.3, ""learning_rate"": 4e-05, ""loss_mode"": ""standard"", ""num_train_epochs"": 3, ""weight_decay"": 0.1}",COMPLETE,cu,2
7,0.6648662580139242,2026-10-01 13:42:50.363384,2026-10-01 13:43:15.211060,0 days 00:00:24.847676,32,0.1,3e-05,standard,3,PYSENTIMIENTO,0.0,"[2, 3, 3]",0.0162669683087,3,"{""batch_size"": 32, ""classifier_dropout"": 0.1, ""learning_rate"": 3e-05, ""loss_mode"": ""standard"", ""num_train_epochs"": 3, ""weight_decay"": 0.0}",COMPLETE,cu,2
8,0.7084752340046769,2026-10-01 13:43:15.442805,2026-10-01 13:43:57.330837,0 days 00:00:41.888032,16,0.3,5e-05,standard,4,PYSENTIMIENTO,0.0,"[2, 4, 4]",0.0319371172605586,4,"{""batch_size"": 16, ""classifier_dropout"": 0.3, ""learning_rate"": 5e-05, ""loss_mode"": ""standard"", ""num_train_epochs"": 4, ""weight_decay"": 0.0}",COMPLETE,cu,2
9,0.6985219446937653,2026-10-01 13:43:57.560173,2026-10-01 13:44:20.598487,0 days 00:00:23.038314,32,0.3,5e-05,balanced,3,PYSENTIMIENTO,0.05,"[3, 1, 3]",0.026455612210622,3,"{""batch_size"": 32, ""classifier_dropout"": 0.3, ""learning_rate"": 5e-05, ""loss_mode"": ""balanced"", ""num_train_epochs"": 3, ""weight_decay"": 0.05}",COMPLETE,cu,2
10,0.6867281255342018,2026-10-01 13:44:20.837985,2026-10-01 13:44:56.397861,0 days 00:00:35.559876,16,0.2,3e-05,standard,3,PYSENTIMIENTO,0.01,"[3, 3, 2]",0.019647389849486,3,"{""batch_size"": 16, ""classifier_dropout"": 0.2, ""learning_rate"": 3e-05, ""loss_mode"": ""standard"", ""num_train_epochs"": 3, ""weight_decay"": 0.01}",COMPLETE,cu,2
11,0.7089218201731825,2026-10-01 13:44:56.662946,2026-10-01 13:44:56.763656,0 days 00:00:00.100710,16,0.1,5e-05,standard,3,PYSENTIMIENTO,0.05,"[1, 2, 2]",0.0301680604903727,2,"{""batch_size"": 16, ""classifier_dropout"": 0.1, ""learning_rate"": 5e-05, ""loss_mode"": ""standard"", ""num_train_epochs"": 3, ""weight_decay"": 0.05}",COMPLETE,cu,2
12,0.718760290742054,2026-10-01 13:44:57.014682,2026-10-01 13:45:48.733267,0 days 00:00:51.718585,16,0.3,5e-05,standard,5,PYSENTIMIENTO,0.05,"[3, 5, 5]",0.0229254280609827,5,"{""batch_size"": 16, ""classifier_dropout"": 0.3, ""learning_rate"": 5e-05, ""loss_mode"": ""standard"", ""num_train_epochs"": 5, ""weight_decay"": 0.05}",COMPLETE,cu,2
13,0.7156253037048832,2026-10-01 13:45:48.958459,2026-10-01 13:46:37.791677,0 days 00:00:48.833218,16,0.3,4e-05,standard,5,PYSENTIMIENTO,0.05,"[2, 4, 4]",0.0343814952321143,4,"{""batch_size"": 16, ""classifier_dropout"": 0.3, ""learning_rate"": 4e-05, ""loss_mode"": ""standard"", ""num_train_epochs"": 5, ""weight_decay"": 0.05}",COMPLETE,cu,2
14,0.7156253037048832,2026-10-01 13:46:38.045609,2026-10-01 13:46:38.147046,0 days 00:00:00.101437,16,0.3,4e-05,standard,5,PYSENTIMIENTO,0.05,"[2, 4, 4]",0.0343814952321143,4,"{""batch_size"": 16, ""classifier_dropout"": 0.3, ""learning_rate"": 4e-05, ""loss_mode"": ""standard"", ""num_train_epochs"": 5, ""weight_decay"": 0.05}",COMPLETE,cu,2
15,0.718760290742054,2026-10-01 13:46:38.402897,2026-10-01 13:46:38.507118,0 days 00:00:00.104221,16,0.3,5e-05,standard,5,PYSENTIMIENTO,0.05,"[3, 5, 5]",0.0229254280609827,5,"{""batch_size"": 16, ""classifier_dropout"": 0.3, ""learning_rate"": 5e-05, ""loss_mode"": ""standard"", ""num_train_epochs"": 5, ""weight_decay"": 0.05}",COMPLETE,cu,2
16,0.7239489738850845,2026-10-01 13:46:38.758291,2026-10-01 13:47:30.606420,0 days 00:00:51.848129,16,0.3,5e-05,standard,5,PYSENTIMIENTO,0.01,"[3, 4, 4]",0.0230739282406812,4,"{""batch_size"": 16, ""classifier_dropout"": 0.3, ""learning_rate"": 5e-05, ""loss_mode"": ""standard"", ""num_train_epochs"": 5, ""weight_decay"": 0.01}",COMPLETE,cu,2
17,0.7193291519609115,2026-10-01 13:47:30.836022,2026-10-01 13:48:12.692334,0 days 00:00:41.856312,16,0.1,5e-05,standard,5,PYSENTIMIENTO,0.01,"[3, 2, 3]",0.0313645097046037,3,"{""batch_size"": 16, ""classifier_dropout"": 0.1, ""learning_rate"": 5e-05, ""loss_mode"": ""standard"", ""num_train_epochs"": 5, ""weight_decay"": 0.01}",COMPLETE,cu,2
18,0.7193291519609115,2026-10-01 13:48:12.922859,2026-10-01 13:48:13.026236,0 days 00:00:00.103377,16,0.1,5e-05,standard,5,PYSENTIMIENTO,0.01,"[3, 2, 3]",0.0313645097046037,3,"{""batch_size"": 16, ""classifier_dropout"": 0.1, ""learning_rate"": 5e-05, ""loss_mode"": ""standard"", ""num_train_epochs"": 5, ""weight_decay"": 0.01}",COMPLETE,cu,2
19,0.7158593167117627,2026-10-01 13:48:13.261693,2026-10-01 13:48:52.553676,0 days 00:00:39.291983,16,0.3,5e-05,balanced,5,PYSENTIMIENTO,0.01,"[3, 1, 3]",0.027315453648712,3,"{""batch_size"": 16, ""classifier_dropout"": 0.3, ""learning_rate"": 5e-05, ""loss_mode"": ""balanced"", ""num_train_epochs"": 5, ""weight_decay"": 0.01}",COMPLETE,cu,2
0,0.6945663497132751,2026-10-01 13:49:12.488699,2026-10-01 13:49:41.534455,0 days 00:00:29.045756,32,0.2,2e-05,balanced,4,PYSENTIMIENTO,0.1,"[4, 2, 4]",0.0160907434518711,4,,COMPLETE,cu,3
1,0.7151502137881843,2026-10-01 13:49:41.774419,2026-10-01 13:50:13.034747,0 days 00:00:31.260328,32,0.2,4e-05,balanced,5,PYSENTIMIENTO,0.01,"[4, 2, 3]",0.0064102624532606,3,,COMPLETE,cu,3
2,0.6993698560303531,2026-10-01 13:50:13.267862,2026-10-01 13:50:45.743300,0 days 00:00:32.475438,16,0.2,3e-05,balanced,3,PYSENTIMIENTO,0.0,"[1, 2, 2]",0.0119740651302828,2,,COMPLETE,cu,3
3,0.7060601273757227,2026-10-01 13:50:45.984128,2026-10-01 13:51:18.464441,0 days 00:00:32.480313,16,0.3,4e-05,standard,3,PYSENTIMIENTO,0.01,"[1, 3, 3]",0.0121389770197974,3,,COMPLETE,cu,3
4,0.7066634412970733,2026-10-01 13:51:18.707445,2026-10-01 13:51:57.382561,0 days 00:00:38.675116,16,0.3,2e-05,balanced,4,PYSENTIMIENTO,0.1,"[2, 2, 4]",0.0110454160275478,2,,COMPLETE,cu,3
5,0.6841105673160514,2026-10-01 13:51:57.615294,2026-10-01 13:52:18.161702,0 days 00:00:20.546408,32,0.2,4e-05,standard,5,PYSENTIMIENTO,0.01,"[1, 2, 1]",0.0260927235062069,1,"{""batch_size"": 32, ""classifier_dropout"": 0.2, ""learning_rate"": 4e-05, ""loss_mode"": ""standard"", ""num_train_epochs"": 5, ""weight_decay"": 0.01}",COMPLETE,cu,3
6,0.7082985913899646,2026-10-01 13:52:18.422925,2026-10-01 13:52:45.528133,0 days 00:00:27.105208,32,0.1,4e-05,balanced,5,PYSENTIMIENTO,0.01,"[2, 2, 3]",0.0100147522641012,2,"{""batch_size"": 32, ""classifier_dropout"": 0.1, ""learning_rate"": 4e-05, ""loss_mode"": ""balanced"", ""num_train_epochs"": 5, ""weight_decay"": 0.01}",COMPLETE,cu,3
7,0.7032324041396549,2026-10-01 13:52:45.791084,2026-10-01 13:53:18.292443,0 days 00:00:32.501359,32,0.2,3e-05,balanced,5,PYSENTIMIENTO,0.01,"[2, 3, 4]",0.0070538054819674,3,"{""batch_size"": 32, ""classifier_dropout"": 0.2, ""learning_rate"": 3e-05, ""loss_mode"": ""balanced"", ""num_train_epochs"": 5, ""weight_decay"": 0.01}",COMPLETE,cu,3
8,0.7102847208354776,2026-10-01 13:53:18.526847,2026-10-01 13:53:53.787512,0 days 00:00:35.260665,16,0.2,4e-05,balanced,5,PYSENTIMIENTO,0.05,"[1, 2, 3]",0.0056277249996754,2,"{""batch_size"": 16, ""classifier_dropout"": 0.2, ""learning_rate"": 4e-05, ""loss_mode"": ""balanced"", ""num_train_epochs"": 5, ""weight_decay"": 0.05}",COMPLETE,cu,3
9,0.6989498814479509,2026-10-01 13:53:54.039307,2026-10-01 13:54:22.529479,0 days 00:00:28.490172,32,0.3,4e-05,balanced,4,PYSENTIMIENTO,0.0,"[2, 3, 4]",0.0042682659570287,3,"{""batch_size"": 32, ""classifier_dropout"": 0.3, ""learning_rate"": 4e-05, ""loss_mode"": ""balanced"", ""num_train_epochs"": 4, ""weight_decay"": 0.0}",COMPLETE,cu,3
10,0.702069398056897,2026-10-01 13:54:22.778709,2026-10-01 13:54:47.795417,0 days 00:00:25.016708,32,0.2,4e-05,balanced,3,PYSENTIMIENTO,0.05,"[3, 3, 3]",0.0117745449622825,3,"{""batch_size"": 32, ""classifier_dropout"": 0.2, ""learning_rate"": 4e-05, ""loss_mode"": ""balanced"", ""num_train_epochs"": 3, ""weight_decay"": 0.05}",COMPLETE,cu,3
11,0.709808122775585,2026-10-01 13:54:48.031637,2026-10-01 13:55:24.353571,0 days 00:00:36.321934,16,0.1,4e-05,balanced,5,PYSENTIMIENTO,0.05,"[1, 2, 3]",0.0093831005039295,2,"{""batch_size"": 16, ""classifier_dropout"": 0.1, ""learning_rate"": 4e-05, ""loss_mode"": ""balanced"", ""num_train_epochs"": 5, ""weight_decay"": 0.05}",COMPLETE,cu,3
12,0.7117877098553794,2026-10-01 13:55:24.585738,2026-10-01 13:56:00.481547,0 days 00:00:35.895809,16,0.2,4e-05,balanced,5,PYSENTIMIENTO,0.0,"[1, 2, 3]",0.0054207453071086,2,"{""batch_size"": 16, ""classifier_dropout"": 0.2, ""learning_rate"": 4e-05, ""loss_mode"": ""balanced"", ""num_train_epochs"": 5, ""weight_decay"": 0.0}",COMPLETE,cu,3
13,0.7117877098553794,2026-10-01 13:56:00.714898,2026-10-01 13:56:00.819632,0 days 00:00:00.104734,16,0.2,4e-05,balanced,5,PYSENTIMIENTO,0.0,"[1, 2, 3]",0.0054207453071086,2,"{""batch_size"": 16, ""classifier_dropout"": 0.2, ""learning_rate"": 4e-05, ""loss_mode"": ""balanced"", ""num_train_epochs"": 5, ""weight_decay"": 0.0}",COMPLETE,cu,3
14,0.7120940623115843,2026-10-01 13:56:01.051897,2026-10-01 13:56:25.860346,0 days 00:00:24.808449,32,0.2,5e-05,balanced,5,PYSENTIMIENTO,0.0,"[1, 2, 3]",0.0111045173772128,2,"{""batch_size"": 32, ""classifier_dropout"": 0.2, ""learning_rate"": 5e-05, ""loss_mode"": ""balanced"", ""num_train_epochs"": 5, ""weight_decay"": 0.0}",COMPLETE,cu,3
15,0.693201887936696,2026-10-01 13:56:26.086638,2026-10-01 13:56:46.815731,0 days 00:00:20.729093,32,0.2,5e-05,standard,5,PYSENTIMIENTO,0.0,"[1, 2, 1]",0.0242250685886671,1,"{""batch_size"": 32, ""classifier_dropout"": 0.2, ""learning_rate"": 5e-05, ""loss_mode"": ""standard"", ""num_train_epochs"": 5, ""weight_decay"": 0.0}",COMPLETE,cu,3
16,0.7120940623115843,2026-10-01 13:56:47.046915,2026-10-01 13:56:47.149173,0 days 00:00:00.102258,32,0.2,5e-05,balanced,5,PYSENTIMIENTO,0.0,"[1, 2, 3]",0.0111045173772128,2,"{""batch_size"": 32, ""classifier_dropout"": 0.2, ""learning_rate"": 5e-05, ""loss_mode"": ""balanced"", ""num_train_epochs"": 5, ""weight_decay"": 0.0}",COMPLETE,cu,3
17,0.706375638137787,2026-10-01 13:56:47.387894,2026-10-01 13:57:12.109624,0 days 00:00:24.721730,32,0.1,5e-05,balanced,3,PYSENTIMIENTO,0.0,"[3, 3, 3]",0.0102842407828703,3,"{""batch_size"": 32, ""classifier_dropout"": 0.1, ""learning_rate"": 5e-05, ""loss_mode"": ""balanced"", ""num_train_epochs"": 3, ""weight_decay"": 0.0}",COMPLETE,cu,3
18,0.690637549125344,2026-10-01 13:57:12.355602,2026-10-01 13:57:45.694400,0 days 00:00:33.338798,32,0.2,2e-05,balanced,5,PYSENTIMIENTO,0.05,"[3, 3, 5]",0.0040773889130639,3,"{""batch_size"": 32, ""classifier_dropout"": 0.2, ""learning_rate"": 2e-05, ""loss_mode"": ""balanced"", ""num_train_epochs"": 5, ""weight_decay"": 0.05}",COMPLETE,cu,3
19,0.7043247735612762,2026-10-01 13:57:45.927521,2026-10-01 13:58:21.901665,0 days 00:00:35.974144,16,0.2,5e-05,balanced,4,PYSENTIMIENTO,0.01,"[1, 2, 3]",0.002654448858351,2,"{""batch_size"": 16, ""classifier_dropout"": 0.2, ""learning_rate"": 5e-05, ""loss_mode"": ""balanced"", ""num_train_epochs"": 4, ""weight_decay"": 0.01}",COMPLETE,cu,3
0,0.6853364650758987,2026-10-01 13:58:32.410593,2026-10-01 13:59:01.032073,0 days 00:00:28.621480,32,0.3,2e-05,balanced,5,PYSENTIMIENTO,0.01,"[5, 3, 1]",0.0146003271424454,3,,COMPLETE,cu,4
1,0.6863160776162891,2026-10-01 13:59:01.278083,2026-10-01 13:59:29.821890,0 days 00:00:28.543807,32,0.1,3e-05,standard,4,PYSENTIMIENTO,0.05,"[2, 4, 3]",0.0201853119891414,3,,COMPLETE,cu,4
2,0.7038476060539655,2026-10-01 13:59:30.050963,2026-10-01 13:59:58.224747,0 days 00:00:28.173784,32,0.1,5e-05,standard,4,PYSENTIMIENTO,0.0,"[2, 4, 3]",0.0228640815454197,3,,COMPLETE,cu,4
3,0.7149034810782279,2026-10-01 13:59:58.481209,2026-10-01 14:00:27.553606,0 days 00:00:29.072397,32,0.1,4e-05,balanced,4,PYSENTIMIENTO,0.1,"[3, 4, 2]",0.008140697097264,3,,COMPLETE,cu,4
4,0.6891684167480424,2026-10-01 14:00:27.802483,2026-10-01 14:01:03.152555,0 days 00:00:35.350072,16,0.2,3e-05,standard,3,PYSENTIMIENTO,0.01,"[3, 3, 3]",0.0240682414017627,3,,COMPLETE,cu,4
5,0.7149034810782279,2026-10-01 14:01:03.395817,2026-10-01 14:01:03.498356,0 days 00:00:00.102539,32,0.1,4e-05,balanced,4,PYSENTIMIENTO,0.1,"[3, 4, 2]",0.008140697097264,3,"{""batch_size"": 32, ""classifier_dropout"": 0.1, ""learning_rate"": 4e-05, ""loss_mode"": ""balanced"", ""num_train_epochs"": 4, ""weight_decay"": 0.1}",COMPLETE,cu,4
6,0.6836205280793258,2026-10-01 14:01:03.759476,2026-10-01 14:01:28.095493,0 days 00:00:24.336017,32,0.3,4e-05,standard,3,PYSENTIMIENTO,0.1,"[3, 3, 3]",0.0237194211647866,3,"{""batch_size"": 32, ""classifier_dropout"": 0.3, ""learning_rate"": 4e-05, ""loss_mode"": ""standard"", ""num_train_epochs"": 3, ""weight_decay"": 0.1}",COMPLETE,cu,4
7,0.7179743795260198,2026-10-01 14:01:28.327697,2026-10-01 14:02:03.676336,0 days 00:00:35.348639,16,0.2,4e-05,balanced,4,PYSENTIMIENTO,0.0,"[2, 4, 1]",0.0134616156956806,2,"{""batch_size"": 16, ""classifier_dropout"": 0.2, ""learning_rate"": 4e-05, ""loss_mode"": ""balanced"", ""num_train_epochs"": 4, ""weight_decay"": 0.0}",COMPLETE,cu,4
8,0.7179743795260198,2026-10-01 14:02:03.908612,2026-10-01 14:02:04.009791,0 days 00:00:00.101179,16,0.2,4e-05,balanced,4,PYSENTIMIENTO,0.0,"[2, 4, 1]",0.0134616156956806,2,"{""batch_size"": 16, ""classifier_dropout"": 0.2, ""learning_rate"": 4e-05, ""loss_mode"": ""balanced"", ""num_train_epochs"": 4, ""weight_decay"": 0.0}",COMPLETE,cu,4
9,0.6721352669397295,2026-10-01 14:02:04.263259,2026-10-01 14:02:26.984519,0 days 00:00:22.721260,32,0.2,2e-05,balanced,3,PYSENTIMIENTO,0.0,"[3, 3, 1]",0.0074934584055118,3,"{""batch_size"": 32, ""classifier_dropout"": 0.2, ""learning_rate"": 2e-05, ""loss_mode"": ""balanced"", ""num_train_epochs"": 3, ""weight_decay"": 0.0}",COMPLETE,cu,4
10,0.6664671431512373,2026-10-01 14:02:27.211374,2026-10-01 14:03:06.428826,0 days 00:00:39.217452,16,0.2,4e-05,standard,5,PYSENTIMIENTO,0.05,"[1, 3, 1]",0.0503227621998186,1,"{""batch_size"": 16, ""classifier_dropout"": 0.2, ""learning_rate"": 4e-05, ""loss_mode"": ""standard"", ""num_train_epochs"": 5, ""weight_decay"": 0.05}",COMPLETE,cu,4
11,0.7179743795260198,2026-10-01 14:03:06.659727,2026-10-01 14:03:06.765064,0 days 00:00:00.105337,16,0.2,4e-05,balanced,4,PYSENTIMIENTO,0.0,"[2, 4, 1]",0.0134616156956806,2,"{""batch_size"": 16, ""classifier_dropout"": 0.2, ""learning_rate"": 4e-05, ""loss_mode"": ""balanced"", ""num_train_epochs"": 4, ""weight_decay"": 0.0}",COMPLETE,cu,4
12,0.7181846322154608,2026-10-01 14:03:07.000321,2026-10-01 14:03:45.749686,0 days 00:00:38.749365,16,0.2,5e-05,balanced,4,PYSENTIMIENTO,0.1,"[4, 3, 1]",0.0102763081167982,3,"{""batch_size"": 16, ""classifier_dropout"": 0.2, ""learning_rate"": 5e-05, ""loss_mode"": ""balanced"", ""num_train_epochs"": 4, ""weight_decay"": 0.1}",COMPLETE,cu,4
13,0.7177890789848016,2026-10-01 14:03:45.980557,2026-10-01 14:04:22.041859,0 days 00:00:36.061302,16,0.3,5e-05,balanced,4,PYSENTIMIENTO,0.1,"[2, 4, 1]",0.0184059457195441,2,"{""batch_size"": 16, ""classifier_dropout"": 0.3, ""learning_rate"": 5e-05, ""loss_mode"": ""balanced"", ""num_train_epochs"": 4, ""weight_decay"": 0.1}",COMPLETE,cu,4
14,0.7202137009705504,2026-10-01 14:04:22.295457,2026-10-01 14:05:01.419074,0 days 00:00:39.123617,16,0.2,5e-05,balanced,4,PYSENTIMIENTO,0.01,"[4, 4, 1]",0.0119897888415043,4,"{""batch_size"": 16, ""classifier_dropout"": 0.2, ""learning_rate"": 5e-05, ""loss_mode"": ""balanced"", ""num_train_epochs"": 4, ""weight_decay"": 0.01}",COMPLETE,cu,4
15,0.7202137009705504,2026-10-01 14:05:01.654484,2026-10-01 14:05:01.759042,0 days 00:00:00.104558,16,0.2,5e-05,balanced,4,PYSENTIMIENTO,0.01,"[4, 4, 1]",0.0119897888415043,4,"{""batch_size"": 16, ""classifier_dropout"": 0.2, ""learning_rate"": 5e-05, ""loss_mode"": ""balanced"", ""num_train_epochs"": 4, ""weight_decay"": 0.01}",COMPLETE,cu,4
16,0.703792590817109,2026-10-01 14:05:01.980916,2026-10-01 14:05:34.657628,0 days 00:00:32.676712,16,0.2,5e-05,balanced,5,PYSENTIMIENTO,0.01,"[1, 3, 1]",0.040473777342852,1,"{""batch_size"": 16, ""classifier_dropout"": 0.2, ""learning_rate"": 5e-05, ""loss_mode"": ""balanced"", ""num_train_epochs"": 5, ""weight_decay"": 0.01}",COMPLETE,cu,4
17,0.7022277785510597,2026-10-01 14:05:34.903432,2026-10-01 14:06:20.326413,0 days 00:00:45.422981,16,0.2,2e-05,balanced,4,PYSENTIMIENTO,0.01,"[3, 3, 4]",0.0063745195348584,3,"{""batch_size"": 16, ""classifier_dropout"": 0.2, ""learning_rate"": 2e-05, ""loss_mode"": ""balanced"", ""num_train_epochs"": 4, ""weight_decay"": 0.01}",COMPLETE,cu,4
18,0.7151341624482653,2026-10-01 14:06:20.562278,2026-10-01 14:06:52.551474,0 days 00:00:31.989196,16,0.3,5e-05,balanced,3,PYSENTIMIENTO,0.01,"[2, 3, 1]",0.0088052466480746,2,"{""batch_size"": 16, ""classifier_dropout"": 0.3, ""learning_rate"": 5e-05, ""loss_mode"": ""balanced"", ""num_train_epochs"": 3, ""weight_decay"": 0.01}",COMPLETE,cu,4
19,0.719436519128991,2026-10-01 14:06:52.785486,2026-10-01 14:07:31.855841,0 days 00:00:39.070355,16,0.1,5e-05,balanced,4,PYSENTIMIENTO,0.01,"[3, 4, 1]",0.0064634878210514,3,"{""batch_size"": 16, ""classifier_dropout"": 0.1, ""learning_rate"": 5e-05, ""loss_mode"": ""balanced"", ""num_train_epochs"": 4, ""weight_decay"": 0.01}",COMPLETE,cu,4
0,0.6973682524259438,2026-10-01 14:07:51.959561,2026-10-01 14:08:23.186876,0 days 00:00:31.227315,32,0.3,3e-05,balanced,5,PYSENTIMIENTO,0.01,"[3, 4, 2]",0.0114708067397843,3,,COMPLETE,cu,5
1,0.6872318578804579,2026-10-01 14:08:23.420412,2026-10-01 14:08:55.225723,0 days 00:00:31.805311,16,0.3,4e-05,standard,3,PYSENTIMIENTO,0.0,"[3, 3, 1]",0.0075535715624663,3,,COMPLETE,cu,5
2,0.6938188095810359,2026-10-01 14:08:55.453293,2026-10-01 14:09:37.488009,0 days 00:00:42.034716,16,0.3,2e-05,balanced,4,PYSENTIMIENTO,0.05,"[4, 3, 2]",0.0112796994114363,3,,COMPLETE,cu,5
3,0.7032892916599486,2026-10-01 14:09:37.723882,2026-10-01 14:10:13.092114,0 days 00:00:35.368232,32,0.2,3e-05,standard,5,PYSENTIMIENTO,0.01,"[3, 4, 5]",0.0127317250597319,4,,COMPLETE,cu,5
4,0.6973682524259438,2026-10-01 14:10:13.340356,2026-10-01 14:10:13.434770,0 days 00:00:00.094414,32,0.3,3e-05,balanced,5,PYSENTIMIENTO,0.01,"[3, 4, 2]",0.0114708067397843,3,,COMPLETE,cu,5
5,0.6826880343194995,2026-10-01 14:10:13.680619,2026-10-01 14:10:40.685942,0 days 00:00:27.005323,32,0.2,5e-05,standard,5,PYSENTIMIENTO,0.01,"[3, 3, 1]",0.0188409948692055,3,"{""batch_size"": 32, ""classifier_dropout"": 0.2, ""learning_rate"": 5e-05, ""loss_mode"": ""standard"", ""num_train_epochs"": 5, ""weight_decay"": 0.01}",COMPLETE,cu,5
6,0.6998351638472808,2026-10-01 14:10:40.919164,2026-10-01 14:11:12.643110,0 days 00:00:31.723946,32,0.2,3e-05,standard,5,PYSENTIMIENTO,0.1,"[3, 2, 4]",0.0172151427917952,3,"{""batch_size"": 32, ""classifier_dropout"": 0.2, ""learning_rate"": 3e-05, ""loss_mode"": ""standard"", ""num_train_epochs"": 5, ""weight_decay"": 0.1}",COMPLETE,cu,5
7,0.6973970298715059,2026-10-01 14:11:12.904268,2026-10-01 14:11:52.195368,0 days 00:00:39.291100,16,0.2,3e-05,standard,4,PYSENTIMIENTO,0.01,"[3, 3, 1]",0.0148986128933507,3,"{""batch_size"": 16, ""classifier_dropout"": 0.2, ""learning_rate"": 3e-05, ""loss_mode"": ""standard"", ""num_train_epochs"": 4, ""weight_decay"": 0.01}",COMPLETE,cu,5
8,0.6925644205803362,2026-10-01 14:11:52.447928,2026-10-01 14:12:19.510510,0 days 00:00:27.062582,32,0.1,4e-05,standard,5,PYSENTIMIENTO,0.05,"[2, 4, 1]",0.0190965548755735,2,"{""batch_size"": 32, ""classifier_dropout"": 0.1, ""learning_rate"": 4e-05, ""loss_mode"": ""standard"", ""num_train_epochs"": 5, ""weight_decay"": 0.05}",COMPLETE,cu,5
9,0.6651922072258806,2026-10-01 14:12:19.769721,2026-10-01 14:12:44.716892,0 days 00:00:24.947171,32,0.3,2e-05,standard,3,PYSENTIMIENTO,0.01,"[3, 3, 3]",0.0151658232450242,3,"{""batch_size"": 32, ""classifier_dropout"": 0.3, ""learning_rate"": 2e-05, ""loss_mode"": ""standard"", ""num_train_epochs"": 3, ""weight_decay"": 0.01}",COMPLETE,cu,5
10,0.6969347629599257,2026-10-01 14:12:44.952978,2026-10-01 14:13:13.721054,0 days 00:00:28.768076,32,0.2,3e-05,balanced,4,PYSENTIMIENTO,0.0,"[3, 4, 2]",0.0119147240525238,3,"{""batch_size"": 32, ""classifier_dropout"": 0.2, ""learning_rate"": 3e-05, ""loss_mode"": ""balanced"", ""num_train_epochs"": 4, ""weight_decay"": 0.0}",COMPLETE,cu,5
11,0.6932874328261206,2026-10-01 14:13:13.962919,2026-10-01 14:13:55.628540,0 days 00:00:41.665621,16,0.2,3e-05,standard,5,PYSENTIMIENTO,0.1,"[3, 5, 1]",0.0123882578876262,3,"{""batch_size"": 16, ""classifier_dropout"": 0.2, ""learning_rate"": 3e-05, ""loss_mode"": ""standard"", ""num_train_epochs"": 5, ""weight_decay"": 0.1}",COMPLETE,cu,5
12,0.6854083863752329,2026-10-01 14:13:55.869257,2026-10-01 14:14:20.347822,0 days 00:00:24.478565,32,0.2,3e-05,standard,3,PYSENTIMIENTO,0.1,"[3, 2, 3]",0.0154349751155404,3,"{""batch_size"": 32, ""classifier_dropout"": 0.2, ""learning_rate"": 3e-05, ""loss_mode"": ""standard"", ""num_train_epochs"": 3, ""weight_decay"": 0.1}",COMPLETE,cu,5
13,0.7008793340691207,2026-10-01 14:14:20.579453,2026-10-01 14:14:51.082877,0 days 00:00:30.503424,32,0.2,3e-05,standard,5,PYSENTIMIENTO,0.05,"[3, 2, 5]",0.019579310291884,3,"{""batch_size"": 32, ""classifier_dropout"": 0.2, ""learning_rate"": 3e-05, ""loss_mode"": ""standard"", ""num_train_epochs"": 5, ""weight_decay"": 0.05}",COMPLETE,cu,5
14,0.7008793340691207,2026-10-01 14:14:51.316501,2026-10-01 14:14:51.420235,0 days 00:00:00.103734,32,0.2,3e-05,standard,5,PYSENTIMIENTO,0.05,"[3, 2, 5]",0.019579310291884,3,"{""batch_size"": 32, ""classifier_dropout"": 0.2, ""learning_rate"": 3e-05, ""loss_mode"": ""standard"", ""num_train_epochs"": 5, ""weight_decay"": 0.05}",COMPLETE,cu,5
15,0.7080806691827624,2026-10-01 14:14:51.669986,2026-10-01 14:15:30.368006,0 days 00:00:38.698020,16,0.2,5e-05,balanced,5,PYSENTIMIENTO,0.05,"[3, 1, 3]",0.0098877776464144,3,"{""batch_size"": 16, ""classifier_dropout"": 0.2, ""learning_rate"": 5e-05, ""loss_mode"": ""balanced"", ""num_train_epochs"": 5, ""weight_decay"": 0.05}",COMPLETE,cu,5
16,0.7080806691827624,2026-10-01 14:15:30.597543,2026-10-01 14:15:30.706221,0 days 00:00:00.108678,16,0.2,5e-05,balanced,5,PYSENTIMIENTO,0.05,"[3, 1, 3]",0.0098877776464144,3,"{""batch_size"": 16, ""classifier_dropout"": 0.2, ""learning_rate"": 5e-05, ""loss_mode"": ""balanced"", ""num_train_epochs"": 5, ""weight_decay"": 0.05}",COMPLETE,cu,5
17,0.7080806691827624,2026-10-01 14:15:30.964377,2026-10-01 14:15:31.069770,0 days 00:00:00.105393,16,0.2,5e-05,balanced,5,PYSENTIMIENTO,0.05,"[3, 1, 3]",0.0098877776464144,3,"{""batch_size"": 16, ""classifier_dropout"": 0.2, ""learning_rate"": 5e-05, ""loss_mode"": ""balanced"", ""num_train_epochs"": 5, ""weight_decay"": 0.05}",COMPLETE,cu,5
18,0.7049321753626524,2026-10-01 14:15:31.323530,2026-10-01 14:16:07.103172,0 days 00:00:35.779642,16,0.1,5e-05,balanced,5,PYSENTIMIENTO,0.0,"[2, 1, 3]",0.0183784075245876,2,"{""batch_size"": 16, ""classifier_dropout"": 0.1, ""learning_rate"": 5e-05, ""loss_mode"": ""balanced"", ""num_train_epochs"": 5, ""weight_decay"": 0.0}",COMPLETE,cu,5
19,0.7004186818152975,2026-10-01 14:16:07.339132,2026-10-01 14:16:40.275456,0 days 00:00:32.936324,16,0.2,4e-05,balanced,3,PYSENTIMIENTO,0.05,"[3, 1, 2]",0.0078746934825266,2,"{""batch_size"": 16, ""classifier_dropout"": 0.2, ""learning_rate"": 4e-05, ""loss_mode"": ""balanced"", ""num_train_epochs"": 3, ""weight_decay"": 0.05}",COMPLETE,cu,5
