variante,nivel,outer_fold,inner_fold,n_train,n_validacion,n_grupos_compartidos
mx,outer,1,,1919,480,0
mx,outer,2,,1919,480,0
mx,outer,3,,1919,480,0
mx,outer,4,,1919,480,0
mx,outer,5,,1920,479,0
mx,inner,1,1.0,1279,640,0
mx,inner,1,2.0,1279,640,0
mx,inner,1,3.0,1280,639,0
mx,inner,2,1.0,1279,640,0
mx,inner,2,2.0,1279,640,0
mx,inner,2,3.0,1280,639,0
mx,inner,3,1.0,1279,640,0
mx,inner,3,2.0,1279,640,0
mx,inner,3,3.0,1280,639,0
mx,inner,4,1.0,1279,640,0
mx,inner,4,2.0,1280,639,0
mx,inner,4,3.0,1279,640,0
mx,inner,5,1.0,1280,640,0
mx,inner,5,2.0,1280,640,0
mx,inner,5,3.0,1280,640,0
mx,final,0,1.0,1599,800,0
mx,final,0,2.0,1599,800,0
mx,final,0,3.0,1600,799,0
es,outer,1,,1918,479,0
es,outer,2,,1916,481,0
es,outer,3,,1918,479,0
es,outer,4,,1918,479,0
es,outer,5,,1918,479,0
es,inner,1,1.0,1279,639,0
es,inner,1,2.0,1278,640,0
es,inner,1,3.0,1279,639,0
es,inner,2,1.0,1277,639,0
es,inner,2,2.0,1277,639,0
es,inner,2,3.0,1278,638,0
es,inner,3,1.0,1278,640,0
es,inner,3,2.0,1279,639,0
es,inner,3,3.0,1279,639,0
es,inner,4,1.0,1279,639,0
es,inner,4,2.0,1279,639,0
es,inner,4,3.0,1278,640,0
es,inner,5,1.0,1279,639,0
es,inner,5,2.0,1279,639,0
es,inner,5,3.0,1278,640,0
es,final,0,1.0,1598,799,0
es,final,0,2.0,1597,800,0
es,final,0,3.0,1599,798,0
cu,outer,1,,1920,480,0
cu,outer,2,,1920,480,0
cu,outer,3,,1920,480,0
cu,outer,4,,1920,480,0
cu,outer,5,,1920,480,0
cu,inner,1,1.0,1280,640,0
cu,inner,1,2.0,1280,640,0
cu,inner,1,3.0,1280,640,0
cu,inner,2,1.0,1280,640,0
cu,inner,2,2.0,1280,640,0
cu,inner,2,3.0,1280,640,0
cu,inner,3,1.0,1280,640,0
cu,inner,3,2.0,1280,640,0
cu,inner,3,3.0,1280,640,0
cu,inner,4,1.0,1280,640,0
cu,inner,4,2.0,1280,640,0
cu,inner,4,3.0,1280,640,0
cu,inner,5,1.0,1280,640,0
cu,inner,5,2.0,1280,640,0
cu,inner,5,3.0,1280,640,0
cu,final,0,1.0,1600,800,0
cu,final,0,2.0,1600,800,0
cu,final,0,3.0,1600,800,0
