variante,outer_fold,preprocessing,trials_completados
mx,1,normal,2
mx,1,stem,44
mx,1,lemma,4
mx,2,normal,2
mx,2,stem,45
mx,2,lemma,3
mx,3,normal,4
mx,3,stem,44
mx,3,lemma,2
mx,4,normal,2
mx,4,stem,44
mx,4,lemma,4
mx,5,normal,40
mx,5,stem,3
mx,5,lemma,7
es,1,normal,41
es,1,stem,5
es,1,lemma,4
es,2,normal,2
es,2,stem,46
es,2,lemma,2
es,3,normal,16
es,3,stem,29
es,3,lemma,5
es,4,normal,11
es,4,stem,34
es,4,lemma,5
es,5,normal,34
es,5,stem,12
es,5,lemma,4
cu,1,normal,42
cu,1,stem,4
cu,1,lemma,4
cu,2,normal,2
cu,2,stem,6
cu,2,lemma,42
cu,3,normal,4
cu,3,stem,44
cu,3,lemma,2
cu,4,normal,3
cu,4,stem,4
cu,4,lemma,43
cu,5,normal,4
cu,5,stem,11
cu,5,lemma,35
