variante,modelo,outer_fold,outer_f1_clase_0,outer_f1_clase_1,best_preprocessing,train_f1_macro,inner_best_f1,inner_best_std,outer_f1_macro,generalization_gap,best_params,best_ngramas
mx,LR,1,0.7565891472868217,0.5015873015873016,lemma,0.8932189577679175,0.6420916769401993,0.02060256920288208,0.6290882244370617,0.2641307333308558,"{'clf__C': 1.0, 'clf__solver': 'liblinear', 'features__tfidf__ngram_range': (1, 1)}",uni
mx,LR,2,0.7536231884057971,0.5486725663716814,normal,0.9087096858595156,0.6324486353436076,0.009779554096614252,0.6511478773887392,0.25756180847077637,"{'clf__C': 1.0, 'clf__solver': 'liblinear', 'features__tfidf__ngram_range': (1, 1)}",uni
mx,LR,3,0.7748031496062993,0.56,normal,0.915327264184469,0.6547950021352031,0.0036108438796085846,0.6674015748031497,0.24792568938131931,"{'clf__C': 1.0, 'clf__solver': 'liblinear', 'features__tfidf__ngram_range': (1, 1)}",uni
mx,LR,4,0.7647058823529411,0.5159235668789809,lemma,0.8855839632035742,0.6439970032652237,0.021140897884442622,0.6403147246159611,0.24526923858761318,"{'clf__C': 1.0, 'clf__solver': 'liblinear', 'features__tfidf__ngram_range': (1, 1)}",uni
mx,LR,5,0.7431340872374798,0.5309734513274337,stem,0.8713747761046678,0.6457265936078513,0.008598869763542375,0.6370537692824567,0.23432100682221113,"{'clf__C': 1.0, 'clf__solver': 'liblinear', 'features__tfidf__ngram_range': (1, 1)}",uni
mx,RF,1,0.7579617834394905,0.5421686746987951,stem,0.8903544466210381,0.6308901411788006,0.010400603498692396,0.6500652290691429,0.24028921755189525,"{'clf__max_depth': 20, 'clf__min_samples_split': 5, 'clf__n_estimators': 300, 'features__tfidf__ngram_range': (1, 2)}",uni_bi
mx,RF,2,0.7295597484276729,0.4691358024691358,normal,0.8134013443306736,0.6263908946000111,0.008597233005541313,0.5993477754484043,0.21405356888226923,"{'clf__max_depth': 10, 'clf__min_samples_split': 2, 'clf__n_estimators': 300, 'features__tfidf__ngram_range': (1, 2)}",uni_bi
mx,RF,3,0.7638036809815951,0.5,normal,0.8018488945439055,0.6400151555241982,0.024228508010605904,0.6319018404907976,0.16994705405310795,"{'clf__max_depth': 10, 'clf__min_samples_split': 2, 'clf__n_estimators': 300, 'features__tfidf__ngram_range': (1, 1)}",uni
mx,RF,4,0.7850746268656716,0.503448275862069,normal,0.790524922664009,0.6337878189273475,0.02053919114331786,0.6442614513638703,0.14626347130013873,"{'clf__max_depth': 10, 'clf__min_samples_split': 2, 'clf__n_estimators': 100, 'features__tfidf__ngram_range': (1, 2)}",uni_bi
mx,RF,5,0.7251655629139073,0.5310734463276836,stem,0.8142474407762101,0.641242557717662,0.011614216150897886,0.6281195046207955,0.18612793615541467,"{'clf__max_depth': 10, 'clf__min_samples_split': 2, 'clf__n_estimators': 200, 'features__tfidf__ngram_range': (1, 2)}",uni_bi
es,LR,1,0.7569444444444444,0.6335078534031413,stem,0.8606099749506808,0.7039264950200034,0.01362286018456733,0.6952261489237929,0.16538382602688795,"{'clf__C': 1.0, 'clf__solver': 'liblinear', 'features__tfidf__ngram_range': (1, 1)}",uni
es,LR,2,0.7968503937007874,0.6055045871559633,normal,0.8889476379904022,0.6966002915490922,0.010583037005428076,0.7011774904283754,0.1877701475620268,"{'clf__C': 1.0, 'clf__solver': 'liblinear', 'features__tfidf__ngram_range': (1, 2)}",uni_bi
es,LR,3,0.8061538461538461,0.5909090909090909,stem,0.9900836319101097,0.6979363341074148,0.028312750755927436,0.6985314685314685,0.2915521633786412,"{'clf__C': 10, 'clf__solver': 'liblinear', 'features__tfidf__ngram_range': (1, 2)}",uni_bi
es,LR,4,0.807131280388979,0.6510263929618768,lemma,0.8845560118963319,0.6906851685729941,0.006858022424706989,0.7290788366754279,0.15547717522090398,"{'clf__C': 1.0, 'clf__solver': 'liblinear', 'features__tfidf__ngram_range': (1, 2)}",uni_bi
es,LR,5,0.7975270479134466,0.5787781350482315,normal,0.9906562657946498,0.702153914624283,0.007345106693024881,0.6881525914808391,0.30250367431381076,"{'clf__C': 10, 'clf__solver': 'liblinear', 'features__tfidf__ngram_range': (1, 2)}",uni_bi
es,RF,1,0.8032520325203252,0.6472303206997084,stem,0.9982405838057267,0.70007900687526,0.0200767145257624,0.7252411766100169,0.2729994071957098,"{'clf__max_depth': None, 'clf__min_samples_split': 5, 'clf__n_estimators': 300, 'features__tfidf__ngram_range': (1, 2)}",uni_bi
es,RF,2,0.8214285714285714,0.5862068965517241,stem,1.0,0.6987768685078932,0.014355174186277853,0.7038177339901477,0.2961822660098523,"{'clf__max_depth': None, 'clf__min_samples_split': 5, 'clf__n_estimators': 100, 'features__tfidf__ngram_range': (1, 2)}",uni_bi
es,RF,3,0.8284023668639053,0.5886524822695035,stem,0.9994139852213062,0.6989111364355626,0.01177342996063995,0.7085274245667044,0.29088656065460183,"{'clf__max_depth': None, 'clf__min_samples_split': 5, 'clf__n_estimators': 300, 'features__tfidf__ngram_range': (1, 1)}",uni
es,RF,4,0.7661016949152543,0.625,lemma,0.8773133970013135,0.6936370646819107,0.0166022184645732,0.6955508474576271,0.18176254954368642,"{'clf__max_depth': 20, 'clf__min_samples_split': 2, 'clf__n_estimators': 200, 'features__tfidf__ngram_range': (1, 2)}",uni_bi
es,RF,5,0.7297297297297297,0.5628415300546448,normal,0.8480220280897763,0.7061715507132634,0.006598879066240246,0.6462856298921873,0.20173639819758904,"{'clf__max_depth': 20, 'clf__min_samples_split': 2, 'clf__n_estimators': 100, 'features__tfidf__ngram_range': (1, 1)}",uni
cu,LR,1,0.7608695652173914,0.5126582278481012,stem,0.9947368020285242,0.6550414529232689,0.021863872725913204,0.6367638965327462,0.357972905495778,"{'clf__C': 10, 'clf__solver': 'liblinear', 'features__tfidf__ngram_range': (1, 2)}",uni_bi
cu,LR,2,0.7988077496274217,0.532871972318339,stem,0.8995193469725575,0.6626243385223106,0.0074528471221307424,0.6658398609728804,0.23367948599967714,"{'clf__C': 1.0, 'clf__solver': 'liblinear', 'features__tfidf__ngram_range': (1, 2)}",uni_bi
cu,LR,3,0.7839506172839507,0.5512820512820513,stem,0.8816311444818792,0.6627883995190215,0.011591577085835667,0.667616334283001,0.21401481019887814,"{'clf__C': 1.0, 'clf__solver': 'liblinear', 'features__tfidf__ngram_range': (1, 1)}",uni
cu,LR,4,0.787518573551263,0.5017421602787456,stem,0.8777209960885328,0.6606346338295904,0.04022643641547598,0.6446303669150043,0.23309062917352852,"{'clf__C': 1.0, 'clf__solver': 'liblinear', 'features__tfidf__ngram_range': (1, 1)}",uni
cu,LR,5,0.7894736842105263,0.5668789808917197,stem,0.9837311573756323,0.65872258074159,0.003733536321554474,0.678176332551123,0.30555482482450935,"{'clf__C': 10, 'clf__solver': 'liblinear', 'features__tfidf__ngram_range': (1, 1)}",uni
cu,RF,1,0.8035714285714286,0.5416666666666666,stem,0.8800960662484297,0.6540477739796771,0.028598816940408424,0.6726190476190477,0.20747701862938206,"{'clf__max_depth': 20, 'clf__min_samples_split': 5, 'clf__n_estimators': 300, 'features__tfidf__ngram_range': (1, 1)}",uni
cu,RF,2,0.8029197080291971,0.509090909090909,stem,0.8798385517357121,0.6662165732015065,0.01091160724800609,0.656005308560053,0.2238332431756591,"{'clf__max_depth': 20, 'clf__min_samples_split': 5, 'clf__n_estimators': 200, 'features__tfidf__ngram_range': (1, 1)}",uni
cu,RF,3,0.7776141384388807,0.4626334519572954,normal,0.7942022762533679,0.6717528206716373,0.015933293199332895,0.620123795198088,0.1740784810552799,"{'clf__max_depth': 10, 'clf__min_samples_split': 5, 'clf__n_estimators': 100, 'features__tfidf__ngram_range': (1, 1)}",uni
cu,RF,4,0.794682422451994,0.508833922261484,stem,0.8304607094948766,0.6663166762351835,0.024172925722982075,0.651758172356739,0.17870253713813755,"{'clf__max_depth': 10, 'clf__min_samples_split': 5, 'clf__n_estimators': 200, 'features__tfidf__ngram_range': (1, 1)}",uni
cu,RF,5,0.8208955223880597,0.5862068965517241,normal,0.8281457104986517,0.6540082955349044,0.006152240298269208,0.7035512094698919,0.1245945010287598,"{'clf__max_depth': 10, 'clf__min_samples_split': 5, 'clf__n_estimators': 300, 'features__tfidf__ngram_range': (1, 2)}",uni_bi
mx,XGBoost,1,0.7290015847860539,0.48024316109422494,stem,0.8893255557203354,0.6154842585906316,0.011669977058159732,0.6046223729401394,0.284703182780196,"{'n_estimators': 300, 'max_depth': 6, 'learning_rate': 0.13504684057077604, 'min_child_weight': 2, 'subsample': 0.7902350949353221, 'colsample_bytree': 0.6089507800880731, 'gamma': 2.3542844243426444, 'reg_alpha': 0.1273009651042833, 'reg_lambda': 0.11558395633723663, 'scale_pos_weight': 1.8536916353334685}",uni
mx,XGBoost,2,0.7395993836671803,0.4565916398713826,stem,0.6333200138423122,0.5970494140876231,0.001989316596619472,0.5980955117692814,0.03522450207303074,"{'n_estimators': 600, 'max_depth': 3, 'learning_rate': 0.03190245783709959, 'min_child_weight': 13, 'subsample': 0.5898403210469064, 'colsample_bytree': 0.5698421556386436, 'gamma': 1.6201570423820586, 'reg_alpha': 6.214063002056305, 'reg_lambda': 0.2617799338954305, 'scale_pos_weight': 1.685177824178672}",uni
mx,XGBoost,3,0.7318611987381703,0.4785276073619632,stem,0.7457604663487016,0.6270669116964911,0.02384465250826764,0.6051944030500668,0.14056606329863486,"{'n_estimators': 700, 'max_depth': 4, 'learning_rate': 0.011024644565360802, 'min_child_weight': 3, 'subsample': 0.5855636585512316, 'colsample_bytree': 0.8372510441848876, 'gamma': 4.495703940273562, 'reg_alpha': 0.07864817521136745, 'reg_lambda': 0.15285073263580629, 'scale_pos_weight': 1.6553653972225881}",uni
mx,XGBoost,4,0.7433903576982893,0.4794952681388013,stem,0.7672050012630216,0.6009665524530668,0.007743493442921512,0.6114428129185453,0.1557621883444763,"{'n_estimators': 650, 'max_depth': 2, 'learning_rate': 0.07543109044474498, 'min_child_weight': 3, 'subsample': 0.8547662159777851, 'colsample_bytree': 0.7898158065566614, 'gamma': 5.431986145952841, 'reg_alpha': 0.013381793574594899, 'reg_lambda': 0.24679793271631542, 'scale_pos_weight': 1.620787855156816}",uni
mx,XGBoost,5,0.7443946188340808,0.4083044982698962,normal,0.6497776031654716,0.6067802168762082,0.022818187199480762,0.5763495585519884,0.07342804461348318,"{'n_estimators': 450, 'max_depth': 2, 'learning_rate': 0.01859288223185068, 'min_child_weight': 8, 'subsample': 0.8014893882798426, 'colsample_bytree': 0.67622908909174, 'gamma': 3.568585682723999, 'reg_alpha': 0.012477606478163513, 'reg_lambda': 0.9938878948796769, 'scale_pos_weight': 1.648170243388684}",uni_bi
es,XGBoost,1,0.7651006711409396,0.6132596685082873,normal,0.7745780924694663,0.6951336905687132,0.018177934494135788,0.6891801698246134,0.08539792264485291,"{'n_estimators': 300, 'max_depth': 4, 'learning_rate': 0.10247615875096772, 'min_child_weight': 3, 'subsample': 0.8856656961832943, 'colsample_bytree': 0.8599440772626952, 'gamma': 6.847813578634069, 'reg_alpha': 0.0017207130046780139, 'reg_lambda': 0.2741014690081569, 'scale_pos_weight': 1.5824232707459682}",uni
es,XGBoost,2,0.766295707472178,0.5585585585585585,stem,0.7432539007896029,0.6827199255528421,0.023081764551378725,0.6624271330153683,0.08082676777423459,"{'n_estimators': 150, 'max_depth': 2, 'learning_rate': 0.13880087359744991, 'min_child_weight': 10, 'subsample': 0.6716231657454321, 'colsample_bytree': 0.6886260967305842, 'gamma': 2.839477849087731, 'reg_alpha': 0.0020807218278446954, 'reg_lambda': 0.4325916113678727, 'scale_pos_weight': 1.655952248457468}",uni
es,XGBoost,3,0.7936507936507936,0.6036585365853658,stem,0.7601280262657832,0.6938867034649213,0.021150710241540967,0.6986546651180797,0.06147336114770352,"{'n_estimators': 700, 'max_depth': 2, 'learning_rate': 0.02823546563672044, 'min_child_weight': 5, 'subsample': 0.5901613405400934, 'colsample_bytree': 0.5716019520611834, 'gamma': 4.03784048255775, 'reg_alpha': 0.003491890439909208, 'reg_lambda': 2.8829404151593647, 'scale_pos_weight': 1.4799651960256726}",uni
es,XGBoost,4,0.80248833592535,0.5968253968253968,stem,0.7241485222851682,0.6870872146947886,0.022214370070889413,0.6996568663753734,0.02449165590979485,"{'n_estimators': 700, 'max_depth': 6, 'learning_rate': 0.010983693770268393, 'min_child_weight': 14, 'subsample': 0.5808634048261415, 'colsample_bytree': 0.5118009384902052, 'gamma': 3.267741344269025, 'reg_alpha': 0.01642655713360697, 'reg_lambda': 7.27746956432713, 'scale_pos_weight': 1.4879367238353287}",uni
es,XGBoost,5,0.7791798107255521,0.5679012345679012,stem,0.7511371549800503,0.6960768178209555,0.009069599748688121,0.6735405226467266,0.0775966323333237,"{'n_estimators': 650, 'max_depth': 6, 'learning_rate': 0.07184939289363687, 'min_child_weight': 3, 'subsample': 0.6520508207460295, 'colsample_bytree': 0.8662940896172828, 'gamma': 7.247143985219829, 'reg_alpha': 0.0012685844109961806, 'reg_lambda': 5.869542939319684, 'scale_pos_weight': 1.3416280350965095}",uni
cu,XGBoost,1,0.7733755942947702,0.5653495440729484,normal,0.8369818180485462,0.6529577504535552,0.013724235136571223,0.6693625691838593,0.16761924886468693,"{'n_estimators': 500, 'max_depth': 7, 'learning_rate': 0.01688172171180271, 'min_child_weight': 2, 'subsample': 0.8243764883272112, 'colsample_bytree': 0.557713034807817, 'gamma': 3.7297743374007646, 'reg_alpha': 0.08331286157596024, 'reg_lambda': 0.34348783934399474, 'scale_pos_weight': 1.9424224813100275}",uni_bi
cu,XGBoost,2,0.7817109144542773,0.475177304964539,lemma,0.7919311757193928,0.662949999979933,0.013451383514902276,0.6284441097094082,0.16348706600998453,"{'n_estimators': 450, 'max_depth': 5, 'learning_rate': 0.03676588139242588, 'min_child_weight': 3, 'subsample': 0.863159714762925, 'colsample_bytree': 0.7330356916114015, 'gamma': 7.011679811502395, 'reg_alpha': 0.0015293685719658945, 'reg_lambda': 0.15779725053035348, 'scale_pos_weight': 1.8129806322146442}",uni_bi
cu,XGBoost,3,0.7704160246533128,0.5209003215434084,stem,0.7975178994956194,0.6654371149668831,0.022183546322870354,0.6456581730983606,0.15185972639725875,"{'n_estimators': 650, 'max_depth': 3, 'learning_rate': 0.01715644477248822, 'min_child_weight': 3, 'subsample': 0.6518773450515357, 'colsample_bytree': 0.7503020246270596, 'gamma': 3.5822836431507934, 'reg_alpha': 0.0017522910806858434, 'reg_lambda': 0.33171293009994435, 'scale_pos_weight': 1.8706871463016286}",uni
cu,XGBoost,4,0.7511737089201878,0.5046728971962616,lemma,0.8110850729129544,0.6465219272562318,0.02473710591835484,0.6279233030582247,0.18316176985472965,"{'n_estimators': 400, 'max_depth': 6, 'learning_rate': 0.016062199512129338, 'min_child_weight': 2, 'subsample': 0.6594441618468685, 'colsample_bytree': 0.5826189928965452, 'gamma': 3.190435717668035, 'reg_alpha': 0.005438946214690958, 'reg_lambda': 0.8999967880356071, 'scale_pos_weight': 2.063072739721207}",uni_bi
cu,XGBoost,5,0.7781155015197568,0.5165562913907285,lemma,0.8025972015250333,0.6456161374017088,0.008718940862775432,0.6473358964552427,0.15526130506979063,"{'n_estimators': 700, 'max_depth': 5, 'learning_rate': 0.12210827548434999, 'min_child_weight': 3, 'subsample': 0.7209017875367081, 'colsample_bytree': 0.8601252063212457, 'gamma': 7.377919063730868, 'reg_alpha': 0.007371130115661973, 'reg_lambda': 0.8352981135856257, 'scale_pos_weight': 1.817758235373197}",uni
