variante,modelo,f1_oof_global,f1_oof_clase_0,f1_oof_clase_1
cu,LR,0.6589373586432644,0.7842778793418648,0.5335968379446641
cu,RF,0.6610559126321967,0.7998817617499261,0.5222300635144672
cu,XGBoost,0.644460352258661,0.7711213517665131,0.517799352750809
es,LR,0.7035705212702217,0.7936,0.6135410425404434
es,RF,0.697261239407995,0.7917329093799682,0.6027895694360218
es,XGBoost,0.6850284244159509,0.7816091954022989,0.5884476534296029
mx,LR,0.6452743921320897,0.7586860391661402,0.5318627450980392
mx,RF,0.6314641525912756,0.7529780564263323,0.5099502487562189
mx,XGBoost,0.5997938978623114,0.7377557346559206,0.4618320610687023
