variante,modelo,f1_train_mean,f1_nested_mean,f1_nested_std,gap_mean
cu,LR,0.927467889389425,0.658605358250951,0.01724027687255461,0.2688625311384742
cu,RF,0.8425486628462077,0.660811506640764,0.03052315713506636,0.18173715620544367
cu,XGBoost,0.8080226335403091,0.643744810301019,0.017009247170058403,0.1642778232392901
es,LR,0.922970704508435,0.7024333072079807,0.015673764972517226,0.22053739730045416
es,RF,0.9445979988236246,0.6958845625033367,0.02976891602283369,0.24871343632028786
es,XGBoost,0.7506491393580141,0.6846918713960323,0.016272113108998863,0.06595726796198191
mx,LR,0.8948429294240288,0.6450012341054736,0.014814738708791235,0.24984169531855516
mx,RF,0.8220754097871673,0.6307391601986021,0.019684910170548887,0.19133624958856515
mx,XGBoost,0.7370777280679685,0.5991409318460044,0.01358829080287348,0.13793679622196423
